REPORT_MONTH,LAG_MONTH,REPORTED_COUNT,INCURRED_AMOUNT,ACTUAL_PAID_AMOUNT
2012-01,0,5,12045,1965
2012-01,1,5,5275,90
2012-01,2,5,5005,825
2012-01,3,5,5700,2175
2012-01,4,5,-6835,2435
2012-01,5,5,7655,2695
2012-01,6,5,-760,-390
2012-01,7,5,-4820,7005
2012-01,8,5,7610,3825
2012-01,9,5,1605,-2160
2012-01,10,5,-3660,-1030
2012-01,11,5,-5705,1010
2012-01,12,5,2460,-110
2012-01,13,5,8230,-1645
2012-01,14,5,-1915,-100
2012-01,15,5,-6000,5850
2012-01,16,5,6260,-1540
2012-01,17,5,-2590,1080
2012-01,18,5,-945,-320
2012-01,19,5,3190,-3180
2012-01,20,5,-4895,1525
2012-01,21,5,2580,165
2012-01,22,5,4180,4260
2012-01,23,5,-9745,-7065
2012-01,24,5,1840,2685
2012-01,25,5,4640,5210
2012-01,26,5,-6910,-4955
2012-01,27,5,9735,1320
2012-01,28,5,-4190,-2460
2012-01,29,5,575,3490
2012-01,30,5,-1300,3300
2012-01,31,5,-3675,-3450
2012-01,32,5,130,-1935
2012-01,33,5,6030,-85
2012-01,34,5,3220,5025
2012-01,35,5,-3875,-4220
2012-01,36,5,4310,-1530
2012-01,37,5,-5145,5040
2012-01,38,5,-4560,4200
2012-01,39,5,4895,-4545
2012-01,40,5,3930,-60
2012-01,41,5,-4550,970
2012-01,42,5,-2835,1675
2012-01,43,5,9085,2905
2012-01,44,5,-9200,-5685
2012-01,45,5,5,1065
2012-01,46,5,940,5620
2012-01,47,5,8945,-75
2012-01,48,5,-3690,-8120
2012-01,49,5,3695,3360
2012-01,50,5,-8350,4545
2012-01,51,5,4010,-8225
2012-01,52,5,-5670,6505
2012-01,53,5,9255,2225
2012-01,54,5,-6925,-6615
2012-01,55,5,4890,7525
2012-01,56,5,-6355,-7390
2012-01,57,5,-145,5475
2012-01,58,5,6970,-5730
2012-01,59,5,1190,-550
2012-01,60,5,1165,8910
2012-01,61,5,-2820,-6970
2012-01,62,5,-3800,500
2012-01,63,5,2665,5445
2012-01,64,5,-4255,2120
2012-01,65,5,-2050,-5195
2012-01,66,5,-680,5865
2012-01,67,5,10965,-5310
2012-01,68,5,-7220,-1295
2012-01,69,5,4400,7295
2012-01,70,5,310,1555
2012-01,71,5,-4060,-8655
2012-01,72,5,-545,-2165
2012-01,73,5,5070,5235
2012-02,0,7,20314,3493
2012-02,1,7,6566,-490
2012-02,2,7,616,343
2012-02,3,7,3906,4018
2012-02,4,7,11116,2338
2012-02,5,7,-1820,4312
2012-02,6,7,1505,2436
2012-02,7,7,-9807,8400
2012-02,8,7,14707,-2779
2012-02,9,7,-7581,9198
2012-02,10,7,7035,-581
2012-02,11,7,-8848,-651
2012-02,12,7,5460,-6181
2012-02,13,7,-6979,7350
2012-02,14,7,-3549,-1211
2012-02,15,7,14693,-5873
2012-02,16,7,-14574,5327
2012-02,17,7,14525,-1680
2012-02,18,7,-15064,2275
2012-02,19,7,5439,-5285
2012-02,20,7,3395,7028
2012-02,21,7,-1736,3598
2012-02,22,7,5719,-6377
2012-02,23,7,-4298,-2051
2012-02,24,7,4795,4200
2012-02,25,7,-9541,2828
2012-02,26,7,10976,-5425
2012-02,27,7,-6153,2268
2012-02,28,7,-8085,2254
2012-02,29,7,6090,3584
2012-02,30,7,-4053,-9807
2012-02,31,7,-1883,42
2012-02,32,7,5901,11900
2012-02,33,7,-3101,-6650
2012-02,34,7,5341,2170
2012-02,35,7,-6846,5488
2012-02,36,7,4396,-7224
2012-02,37,7,-1057,4564
2012-02,38,7,12145,-6251
2012-02,39,7,-11669,189
2012-02,40,7,-497,875
2012-02,41,7,3276,6328
2012-02,42,7,-7084,-8022
2012-02,43,7,15659,7882
2012-02,44,7,-14007,-1211
2012-02,45,7,10920,-3906
2012-02,46,7,-2842,1995
2012-02,47,7,-4501,322
2012-02,48,7,-3430,1596
2012-02,49,7,-1211,2555
2012-02,50,7,5159,-4039
2012-02,51,7,5131,-3892
2012-02,52,7,-3892,8330
2012-02,53,7,-1946,-2471
2012-02,54,7,1358,-6230
2012-02,55,7,9639,12943
2012-02,56,7,-7665,-1596
2012-02,57,7,-49,-5985
2012-02,58,7,5453,-2107
2012-02,59,7,-2247,9205
2012-02,60,7,-4690,-4193
2012-02,61,7,3276,3255
2012-02,62,7,-5369,2933
2012-02,63,7,-882,-3458
2012-02,64,7,7770,-7749
2012-02,65,7,2919,4774
2012-02,66,7,-1687,2275
2012-02,67,7,-10500,1498
2012-02,68,7,11333,2051
2012-02,69,7,-4200,3115
2012-02,70,7,-8288,-10192
2012-02,71,7,16905,-1477
2012-02,72,7,-13251,9716
2012-03,0,8,23768,920
2012-03,1,8,8840,4624
2012-03,2,8,1976,648
2012-03,3,8,7944,2768
2012-03,4,8,-8632,2408
2012-03,5,8,12152,1168
2012-03,6,8,-7528,7024
2012-03,7,8,1776,4520
2012-03,8,8,-2544,9592
2012-03,9,8,11912,-1400
2012-03,10,8,-12192,-3280
2012-03,11,8,5688,-3472
2012-03,12,8,9544,8504
2012-03,13,8,-9696,1856
2012-03,14,8,584,2152
2012-03,15,8,10536,-3240
2012-03,16,8,-15536,-7224
2012-03,17,8,10144,10304
2012-03,18,8,-6488,-3032
2012-03,19,8,-4832,3168
2012-03,20,8,2456,-4296
2012-03,21,8,1064,-5432
2012-03,22,8,6696,1760
2012-03,23,8,3136,3400
2012-03,24,8,1456,-3488
2012-03,25,8,-14560,-1504
2012-03,26,8,248,3808
2012-03,27,8,4584,8680
2012-03,28,8,8856,2496
2012-03,29,8,-7848,-12744
2012-03,30,8,-4984,8288
2012-03,31,8,1632,752
2012-03,32,8,8576,3552
2012-03,33,8,-9816,-4856
2012-03,34,8,4200,-1680
2012-03,35,8,6176,-4912
2012-03,36,8,5128,8408
2012-03,37,8,-16560,3536
2012-03,38,8,2240,-5888
2012-03,39,8,160,-360
2012-03,40,8,13448,4448
2012-03,41,8,-12600,1592
2012-03,42,8,11480,-3656
2012-03,43,8,-13544,3944
2012-03,44,8,10848,-4416
2012-03,45,8,3696,6056
2012-03,46,8,-704,-7704
2012-03,47,8,-2192,-2560
2012-03,48,8,6296,9120
2012-03,49,8,-13592,4360
2012-03,50,8,-4440,-2176
2012-03,51,8,12656,1352
2012-03,52,8,-5656,4352
2012-03,53,8,-3504,-976
2012-03,54,8,15272,1200
2012-03,55,8,344,-16152
2012-03,56,8,-10224,1336
2012-03,57,8,6048,9424
2012-03,58,8,-12392,5144
2012-03,59,8,5464,-9288
2012-03,60,8,5336,2984
2012-03,61,8,2168,6424
2012-03,62,8,3952,-3216
2012-03,63,8,-9984,-10808
2012-03,64,8,5328,18032
2012-03,65,8,-8072,-11856
2012-03,66,8,10304,-5560
2012-03,67,8,-9192,11888
2012-03,68,8,-576,-352
2012-03,69,8,1760,6064
2012-03,70,8,-4280,-12640
2012-03,71,8,2776,13776
2012-04,0,9,18549,2511
2012-04,1,9,10314,-144
2012-04,2,9,15876,1278
2012-04,3,9,1422,5634
2012-04,4,9,4608,2601
2012-04,5,9,-8253,5238
2012-04,6,9,10881,3006
2012-04,7,9,-11151,5346
2012-04,8,9,2601,6876
2012-04,9,9,11214,-4428
2012-04,10,9,-3537,927
2012-04,11,9,-9063,-378
2012-04,12,9,1305,12483
2012-04,13,9,189,-9927
2012-04,14,9,6669,6318
2012-04,15,9,5328,4851
2012-04,16,9,2781,-7038
2012-04,17,9,-1944,8658
2012-04,18,9,-14121,-1845
2012-04,19,9,13266,-10260
2012-04,20,9,3177,1782
2012-04,21,9,-4059,1395
2012-04,22,9,2196,7812
2012-04,23,9,-9711,1485
2012-04,24,9,5409,-4599
2012-04,25,9,72,-1350
2012-04,26,9,-6138,5697
2012-04,27,9,7938,-6210
2012-04,28,9,3672,5562
2012-04,29,9,-15012,5931
2012-04,30,9,7452,-4365
2012-04,31,9,-7632,-3231
2012-04,32,9,6003,6714
2012-04,33,9,7227,-11601
2012-04,34,9,-9747,-873
2012-04,35,9,10692,1458
2012-04,36,9,4149,5310
2012-04,37,9,-8766,-6057
2012-04,38,9,117,10692
2012-04,39,9,-9315,-10107
2012-04,40,9,9081,405
2012-04,41,9,-10359,16767
2012-04,42,9,9432,-5220
2012-04,43,9,288,-2988
2012-04,44,9,-5337,7119
2012-04,45,9,333,-5706
2012-04,46,9,3240,-4482
2012-04,47,9,8640,11196
2012-04,48,9,-2394,-3114
2012-04,49,9,4482,-8100
2012-04,50,9,-12114,11871
2012-04,51,9,234,-666
2012-04,52,9,-459,-5454
2012-04,53,9,-2871,-3573
2012-04,54,9,12042,2412
2012-04,55,9,-6813,-5328
2012-04,56,9,-441,16974
2012-04,57,9,-6102,-7677
2012-04,58,9,8091,-9855
2012-04,59,9,-8505,18999
2012-04,60,9,144,-9819
2012-04,61,9,15084,-7713
2012-04,62,9,-5337,855
2012-04,63,9,-9765,513
2012-04,64,9,4563,13167
2012-04,65,9,15705,-2088
2012-04,66,9,-5553,405
2012-04,67,9,-5562,-6201
2012-04,68,9,4320,-4734
2012-04,69,9,-5769,19647
2012-04,70,9,3951,-8964
2012-05,0,7,16240,1428
2012-05,1,7,14819,1484
2012-05,2,7,5390,3430
2012-05,3,7,-1561,1967
2012-05,4,7,-5705,1610
2012-05,5,7,13216,1610
2012-05,6,7,-1260,2611
2012-05,7,7,3850,4214
2012-05,8,7,-5075,11284
2012-05,9,7,5355,1428
2012-05,10,7,-12390,-7588
2012-05,11,7,6573,-1288
2012-05,12,7,2100,2828
2012-05,13,7,-35,4627
2012-05,14,7,630,-5656
2012-05,15,7,609,140
2012-05,16,7,-10388,6216
2012-05,17,7,12950,1918
2012-05,18,7,-10493,-910
2012-05,19,7,13307,364
2012-05,20,7,-2583,-5586
2012-05,21,7,-3913,-343
2012-05,22,7,1659,8820
2012-05,23,7,-10311,-6657
2012-05,24,7,2807,-3444
2012-05,25,7,-2618,11690
2012-05,26,7,8624,-4823
2012-05,27,7,-9030,6321
2012-05,28,7,11263,-1064
2012-05,29,7,-6916,399
2012-05,30,7,2037,-3829
2012-05,31,7,7980,-6965
2012-05,32,7,-3227,1925
2012-05,33,7,-2324,4396
2012-05,34,7,-980,5068
2012-05,35,7,-3129,-4018
2012-05,36,7,4137,-4312
2012-05,37,7,-4116,-609
2012-05,38,7,6692,12579
2012-05,39,7,-6804,-1435
2012-05,40,7,11662,-11788
2012-05,41,7,-4571,12712
2012-05,42,7,-4900,-5929
2012-05,43,7,854,6321
2012-05,44,7,-322,-10367
2012-05,45,7,6251,2891
2012-05,46,7,-10682,6146
2012-05,47,7,-1036,-9226
2012-05,48,7,13216,9387
2012-05,49,7,2569,4823
2012-05,50,7,175,-532
2012-05,51,7,-11396,-4039
2012-05,52,7,2667,-2044
2012-05,53,7,-3808,-3003
2012-05,54,7,-2254,6657
2012-05,55,7,13286,4928
2012-05,56,7,-7553,-4025
2012-05,57,7,8078,-6132
2012-05,58,7,-8092,11144
2012-05,59,7,-2877,-8708
2012-05,60,7,-1743,-6384
2012-05,61,7,5999,13090
2012-05,62,7,679,-4900
2012-05,63,7,-5929,6048
2012-05,64,7,4970,-7147
2012-05,65,7,7119,-3423
2012-05,66,7,-1106,9429
2012-05,67,7,-9989,-11501
2012-05,68,7,-3374,-7
2012-05,69,7,1904,112
2012-06,0,8,18800,1736
2012-06,1,8,11184,3792
2012-06,2,8,7360,-1400
2012-06,3,8,-2000,4704
2012-06,4,8,4200,3152
2012-06,5,8,9032,192
2012-06,6,8,-14176,4824
2012-06,7,8,16208,7040
2012-06,8,8,-728,10656
2012-06,9,8,-4792,-704
2012-06,10,8,104,-7096
2012-06,11,8,7368,8816
2012-06,12,8,592,-4464
2012-06,13,8,-10216,2792
2012-06,14,8,1728,-96
2012-06,15,8,-3680,3336
2012-06,16,8,3144,-5512
2012-06,17,8,-4664,-856
2012-06,18,8,5408,-368
2012-06,19,8,-7352,8704
2012-06,20,8,17352,-1328
2012-06,21,8,-7688,912
2012-06,22,8,-10120,-7248
2012-06,23,8,12080,-488
2012-06,24,8,-9064,-2024
2012-06,25,8,14496,12704
2012-06,26,8,-3224,-10328
2012-06,27,8,-12400,8952
2012-06,28,8,-728,-6776
2012-06,29,8,224,-1944
2012-06,30,8,11704,5032
2012-06,31,8,-7896,-2592
2012-06,32,8,9648,7224
2012-06,33,8,-10792,-10680
2012-06,34,8,10256,2768
2012-06,35,8,2104,11104
2012-06,36,8,-14808,1696
2012-06,37,8,15200,-1992
2012-06,38,8,-14704,1400
2012-06,39,8,-808,1328
2012-06,40,8,4032,-10672
2012-06,41,8,840,11864
2012-06,42,8,8560,-296
2012-06,43,8,4728,-2352
2012-06,44,8,-5080,-6304
2012-06,45,8,2376,7528
2012-06,46,8,-14576,-5576
2012-06,47,8,10344,-6496
2012-06,48,8,-48,15872
2012-06,49,8,-7376,-5168
2012-06,50,8,7256,5360
2012-06,51,8,-8520,-2368
2012-06,52,8,13872,-7504
2012-06,53,8,80,4144
2012-06,54,8,-11256,6656
2012-06,55,8,4424,-2808
2012-06,56,8,4056,-10496
2012-06,57,8,176,13704
2012-06,58,8,5024,-14904
2012-06,59,8,-7432,11168
2012-06,60,8,7104,-5336
2012-06,61,8,-10040,6760
2012-06,62,8,1976,-9160
2012-06,63,8,-8232,10840
2012-06,64,8,8640,-368
2012-06,65,8,1448,-5560
2012-06,66,8,-216,8312
2012-06,67,8,8576,-6352
2012-06,68,8,-10232,7472
2012-07,0,10,25380,1070
2012-07,1,10,17460,3420
2012-07,2,10,-4010,4600
2012-07,3,10,18810,2180
2012-07,4,10,-10860,800
2012-07,5,10,12830,4220
2012-07,6,10,-1540,9980
2012-07,7,10,820,1740
2012-07,8,10,-7710,15920
2012-07,9,10,2600,-12640
2012-07,10,10,13030,13580
2012-07,11,10,-14880,-13480
2012-07,12,10,8630,12310
2012-07,13,10,-13800,2070
2012-07,14,10,20940,630
2012-07,15,10,-18230,-8290
2012-07,16,10,-890,10500
2012-07,17,10,11890,-8910
2012-07,18,10,-4440,-2760
2012-07,19,10,-3290,11570
2012-07,20,10,6590,-9590
2012-07,21,10,-3560,4990
2012-07,22,10,-4630,-2840
2012-07,23,10,11840,8650
2012-07,24,10,2890,1600
2012-07,25,10,-1890,-11520
2012-07,26,10,-13430,10380
2012-07,27,10,610,-1130
2012-07,28,10,2620,-12430
2012-07,29,10,-1280,6250
2012-07,30,10,-1170,-5990
2012-07,31,10,10020,7900
2012-07,32,10,-7840,-4890
2012-07,33,10,12190,12010
2012-07,34,10,-13200,-2370
2012-07,35,10,15480,-1790
2012-07,36,10,-19870,7300
2012-07,37,10,9580,990
2012-07,38,10,-9890,-11640
2012-07,39,10,430,1270
2012-07,40,10,4100,-5430
2012-07,41,10,7550,16120
2012-07,42,10,1050,770
2012-07,43,10,2570,-7070
2012-07,44,10,-8350,8480
2012-07,45,10,5480,-12650
2012-07,46,10,-11390,14280
2012-07,47,10,17460,-3070
2012-07,48,10,-10090,-7630
2012-07,49,10,5370,9490
2012-07,50,10,10250,280
2012-07,51,10,-8830,-8770
2012-07,52,10,8350,-2050
2012-07,53,10,-1820,14600
2012-07,54,10,-8720,-1660
2012-07,55,10,-2500,-14580
2012-07,56,10,9770,4960
2012-07,57,10,-16260,11110
2012-07,58,10,-940,-1100
2012-07,59,10,4780,-370
2012-07,60,10,16440,6050
2012-07,61,10,-5010,-3620
2012-07,62,10,-6850,-13500
2012-07,63,10,7440,6910
2012-07,64,10,-120,2890
2012-07,65,10,5650,-770
2012-07,66,10,-12820,-2290
2012-07,67,10,-9140,15550
2012-08,0,16,34864,5184
2012-08,1,16,16816,1040
2012-08,2,16,26432,1536
2012-08,3,16,8912,9920
2012-08,4,16,-2656,3904
2012-08,5,16,2976,10816
2012-08,6,16,2512,7712
2012-08,7,16,15248,2848
2012-08,8,16,-2720,12704
2012-08,9,16,-19920,9664
2012-08,10,16,-2688,-10880
2012-08,11,16,9872,-2832
2012-08,12,16,-576,20208
2012-08,13,16,12816,-4560
2012-08,14,16,-20384,2256
2012-08,15,16,12192,-1008
2012-08,16,16,-208,-5520
2012-08,17,16,-3584,-5264
2012-08,18,16,-7776,3632
2012-08,19,16,-8592,1136
2012-08,20,16,36320,-720
2012-08,21,16,-6544,19664
2012-08,22,16,-5600,-3696
2012-08,23,16,-5680,-21216
2012-08,24,16,-3024,23376
2012-08,25,16,-1504,-23296
2012-08,26,16,-9120,28352
2012-08,27,16,4256,-7920
2012-08,28,16,29024,-17824
2012-08,29,16,-14784,27456
2012-08,30,16,704,-1824
2012-08,31,16,-12448,4368
2012-08,32,16,16144,-560
2012-08,33,16,-16608,-11664
2012-08,34,16,9056,2112
2012-08,35,16,10944,5648
2012-08,36,16,8320,-12816
2012-08,37,16,-30720,5456
2012-08,38,16,21360,10928
2012-08,39,16,-24864,-19408
2012-08,40,16,2096,20208
2012-08,41,16,5232,-20176
2012-08,42,16,-3248,-2592
2012-08,43,16,11280,24752
2012-08,44,16,-1824,-3968
2012-08,45,16,-10320,-1856
2012-08,46,16,24656,-9840
2012-08,47,16,-25040,-4816
2012-08,48,16,19024,7776
2012-08,49,16,-22464,9008
2012-08,50,16,34464,-18400
2012-08,51,16,-14144,7776
2012-08,52,16,10112,-2064
2012-08,53,16,-21664,5040
2012-08,54,16,28880,22176
2012-08,55,16,-7680,-28608
2012-08,56,16,-21152,11536
2012-08,57,16,30160,18288
2012-08,58,16,-14512,-11440
2012-08,59,16,8400,-16528
2012-08,60,16,-10304,27424
2012-08,61,16,5728,-10176
2012-08,62,16,-17104,-17168
2012-08,63,16,-7408,34448
2012-08,64,16,14912,-30320
2012-08,65,16,-1920,12928
2012-08,66,16,8432,368
2012-09,0,14,32788,4760
2012-09,1,14,10220,-1792
2012-09,2,14,26964,2674
2012-09,3,14,10668,8820
2012-09,4,14,-3542,4774
2012-09,5,14,-16492,12110
2012-09,6,14,15442,-700
2012-09,7,14,12040,21616
2012-09,8,14,6076,-2758
2012-09,9,14,-9940,6566
2012-09,10,14,280,-2940
2012-09,11,14,2828,11032
2012-09,12,14,-13804,-19082
2012-09,13,14,18284,15106
2012-09,14,14,616,-1428
2012-09,15,14,-17374,7560
2012-09,16,14,20146,-20776
2012-09,17,14,-252,952
2012-09,18,14,-28840,14448
2012-09,19,14,11312,-8232
2012-09,20,14,8442,-5404
2012-09,21,14,1666,12908
2012-09,22,14,-10570,9296
2012-09,23,14,-1064,3248
2012-09,24,14,18536,-11578
2012-09,25,14,-19936,2870
2012-09,26,14,-1820,10010
2012-09,27,14,16534,-10640
2012-09,28,14,-17836,9590
2012-09,29,14,11060,-20104
2012-09,30,14,-756,22750
2012-09,31,14,868,-19278
2012-09,32,14,2828,21518
2012-09,33,14,3794,-3304
2012-09,34,14,4130,-12740
2012-09,35,14,1134,-4046
2012-09,36,14,1218,3318
2012-09,37,14,-9380,3584
2012-09,38,14,11914,-3080
2012-09,39,14,-2604,5152
2012-09,40,14,-4732,12460
2012-09,41,14,686,-15638
2012-09,42,14,-4886,3766
2012-09,43,14,6202,-1162
2012-09,44,14,308,16590
2012-09,45,14,2170,-3822
2012-09,46,14,826,-10696
2012-09,47,14,-10500,10682
2012-09,48,14,-2814,-11424
2012-09,49,14,17318,4620
2012-09,50,14,-15498,7518
2012-09,51,14,9170,-10052
2012-09,52,14,-20580,6622
2012-09,53,14,6566,10066
2012-09,54,14,-1386,-16394
2012-09,55,14,1792,22358
2012-09,56,14,4984,-29232
2012-09,57,14,11746,28980
2012-09,58,14,952,-27846
2012-09,59,14,-18522,19110
2012-09,60,14,23464,-15148
2012-09,61,14,-25606,98
2012-09,62,14,8372,15008
2012-09,63,14,16464,3206
2012-09,64,14,-15582,5096
2012-09,65,14,16170,1204
2012-10,0,19,44859,2451
2012-10,1,19,29260,2831
2012-10,2,19,12787,9804
2012-10,3,19,25384,7657
2012-10,4,19,-19266,1254
2012-10,5,19,21394,9709
2012-10,6,19,-21850,12293
2012-10,7,19,23788,16891
2012-10,8,19,-9405,-5377
2012-10,9,19,12255,18411
2012-10,10,19,-8835,6137
2012-10,11,19,-2679,-5624
2012-10,12,19,-9633,5263
2012-10,13,19,31217,-3990
2012-10,14,19,-10773,-5890
2012-10,15,19,10906,380
2012-10,16,19,513,10697
2012-10,17,19,-35644,4807
2012-10,18,19,-6612,-1976
2012-10,19,19,35416,8246
2012-10,20,19,3420,-5643
2012-10,21,19,-32015,-7657
2012-10,22,19,25593,11647
2012-10,23,19,4180,3933
2012-10,24,19,-32148,-12198
2012-10,25,19,12236,7942
2012-10,26,19,-7961,-18297
2012-10,27,19,19475,17214
2012-10,28,19,-13756,2204
2012-10,29,19,4503,-6631
2012-10,30,19,6916,-15770
2012-10,31,19,513,4446
2012-10,32,19,-19817,19342
2012-10,33,19,7296,-22477
2012-10,34,19,17613,17898
2012-10,35,19,-22002,8037
2012-10,36,19,15181,-18373
2012-10,37,19,14535,4845
2012-10,38,19,-13110,-3192
2012-10,39,19,16720,3401
2012-10,40,19,-36746,-3135
2012-10,41,19,31654,16150
2012-10,42,19,-31179,-456
2012-10,43,19,18126,-3097
2012-10,44,19,-7277,13129
2012-10,45,19,-5073,-18297
2012-10,46,19,3686,21052
2012-10,47,19,25935,3363
2012-10,48,19,3990,-7524
2012-10,49,19,-12426,-3477
2012-10,50,19,-19418,18221
2012-10,51,19,27911,-817
2012-10,52,19,-26714,209
2012-10,53,19,25745,-29127
2012-10,54,19,-29887,29887
2012-10,55,19,-1406,-15998
2012-10,56,19,30932,18335
2012-10,57,19,3173,-1862
2012-10,58,19,-24871,3515
2012-10,59,19,25403,2014
2012-10,60,19,-13091,-4902
2012-10,61,19,11039,-16321
2012-10,62,19,-9044,2489
2012-10,63,19,-18734,24358
2012-10,64,19,10830,-12825
2012-11,0,30,73890,5640
2012-11,1,30,53190,11910
2012-11,2,30,10650,-2610
2012-11,3,30,9660,18150
2012-11,4,30,990,3330
2012-11,5,30,19920,22410
2012-11,6,30,19260,6360
2012-11,7,30,-49020,18060
2012-11,8,30,-1500,51630
2012-11,9,30,65790,-37020
2012-11,10,30,-30660,39000
2012-11,11,30,-30390,-28440
2012-11,12,30,54810,-11940
2012-11,13,30,-7200,37860
2012-11,14,30,-21690,150
2012-11,15,30,-12630,-37470
2012-11,16,30,23820,36210
2012-11,17,30,5460,-14100
2012-11,18,30,-330,21210
2012-11,19,30,-46320,7920
2012-11,20,30,51720,-35730
2012-11,21,30,-21120,-7320
2012-11,22,30,9180,8820
2012-11,23,30,9750,2580
2012-11,24,30,-27660,26430
2012-11,25,30,15030,9240
2012-11,26,30,-33630,-11580
2012-11,27,30,25140,-9660
2012-11,28,30,330,-4500
2012-11,29,30,37350,28260
2012-11,30,30,4500,-34440
2012-11,31,30,-24420,22650
2012-11,32,30,180,16230
2012-11,33,30,-42990,-39690
2012-11,34,30,90,28080
2012-11,35,30,37380,-29820
2012-11,36,30,27030,32670
2012-11,37,30,6150,22710
2012-11,38,30,-1530,-48930
2012-11,39,30,-23010,48450
2012-11,40,30,-23880,-25050
2012-11,41,30,-270,-22260
2012-11,42,30,1470,7920
2012-11,43,30,5790,15330
2012-11,44,30,33480,-2970
2012-11,45,30,-54630,36690
2012-11,46,30,45870,-39000
2012-11,47,30,-14610,23160
2012-11,48,30,1290,-14760
2012-11,49,30,29070,8910
2012-11,50,30,-36150,-8700
2012-11,51,30,-22770,-14460
2012-11,52,30,55920,30750
2012-11,53,30,5460,4110
2012-11,54,30,-56460,-1050
2012-11,55,30,6510,14910
2012-11,56,30,37890,-22860
2012-11,57,30,6780,-5700
2012-11,58,30,-48780,-2460
2012-11,59,30,50160,-15540
2012-11,60,30,-7320,40200
2012-11,61,30,-45210,3060
2012-11,62,30,9510,4500
2012-11,63,30,-11160,10860
2012-12,0,43,126033,19909
2012-12,1,43,13029,-8944
2012-12,2,43,52976,26617
2012-12,3,43,32164,11868
2012-12,4,43,-37926,11481
2012-12,5,43,27649,29627
2012-12,6,43,15652,5891
2012-12,7,43,-4472,57276
2012-12,8,43,26918,22833
2012-12,9,43,-25198,-4386
2012-12,10,43,30745,-8686
2012-12,11,43,-49450,34228
2012-12,12,43,50181,-29971
2012-12,13,43,-43,31691
2012-12,14,43,34916,-5031
2012-12,15,43,-93353,-10105
2012-12,16,43,-3311,2623
2012-12,17,43,27305,-44548
2012-12,18,43,-25370,45881
2012-12,19,43,87505,-1462
2012-12,20,43,-62651,-10320
2012-12,21,43,16899,-17544
2012-12,22,43,47859,8600
2012-12,23,43,-26187,-15609
2012-12,24,43,-58652,34486
2012-12,25,43,-2709,2193
2012-12,26,43,65016,33669
2012-12,27,43,-30444,5332
2012-12,28,43,-860,-24209
2012-12,29,43,66091,13373
2012-12,30,43,-94643,-45967
2012-12,31,43,58609,38098
2012-12,32,43,20941,-19995
2012-12,33,43,12255,-11266
2012-12,34,43,-68370,12341
2012-12,35,43,2494,32938
2012-12,36,43,-20726,-50353
2012-12,37,43,63812,-1763
2012-12,38,43,1763,20296
2012-12,39,43,-14362,38399
2012-12,40,43,34916,12986
2012-12,41,43,8901,-44204
2012-12,42,43,-80625,-14921
2012-12,43,43,63554,1462
2012-12,44,43,-50740,70649
2012-12,45,43,29584,-36464
2012-12,46,43,-12083,-22618
2012-12,47,43,-39259,50052
2012-12,48,43,36808,903
2012-12,49,43,-6837,-42312
2012-12,50,43,40377,35991
2012-12,51,43,4902,9675
2012-12,52,43,-28079,-42828
2012-12,53,43,-17200,-13072
2012-12,54,43,24725,33626
2012-12,55,43,15394,-27090
2012-12,56,43,-75121,7611
2012-12,57,43,71079,67553
2012-12,58,43,1806,10148
2012-12,59,43,-47687,-24166
2012-12,60,43,44118,-49278
2012-12,61,43,20511,35776
2012-12,62,43,-39732,-13803
2013-01,0,51,124185,20655
2013-01,1,51,61710,9282
2013-01,2,51,18003,16065
2013-01,3,51,35853,10608
2013-01,4,51,53040,16728
2013-01,5,51,7752,24021
2013-01,6,51,-71349,38658
2013-01,7,51,42024,9486
2013-01,8,51,-16116,8262
2013-01,9,51,4029,39168
2013-01,10,51,86088,12495
2013-01,11,51,-81447,20961
2013-01,12,51,46410,-8007
2013-01,13,51,-49164,-1173
2013-01,14,51,-19584,-22542
2013-01,15,51,60792,21369
2013-01,16,51,-40902,25551
2013-01,17,51,61506,-30549
2013-01,18,51,-21879,-9282
2013-01,19,51,-14943,47583
2013-01,20,51,33711,-29835
2013-01,21,51,-16167,-10659
2013-01,22,51,-64056,15147
2013-01,23,51,28509,-9537
2013-01,24,51,-17952,50898
2013-01,25,51,44523,-81396
2013-01,26,51,-14943,74205
2013-01,27,51,58242,8772
2013-01,28,51,-23715,-55896
2013-01,29,51,-31212,8976
2013-01,30,51,-17340,2346
2013-01,31,51,11730,-10404
2013-01,32,51,5712,42840
2013-01,33,51,42891,25806
2013-01,34,51,27693,-42483
2013-01,35,51,-43911,-30600
2013-01,36,51,26928,15912
2013-01,37,51,-14586,22950
2013-01,38,51,36414,16269
2013-01,39,51,-37995,-53397
2013-01,40,51,41310,61506
2013-01,41,51,-4641,-36516
2013-01,42,51,2040,-8925
2013-01,43,51,-86904,1479
2013-01,44,51,51153,52479
2013-01,45,51,-47736,-39219
2013-01,46,51,13617,63699
2013-01,47,51,-20247,-76041
2013-01,48,51,87108,92667
2013-01,49,51,-81498,-21267
2013-01,50,51,19329,-36720
2013-01,51,51,3009,1377
2013-01,52,51,66759,-30447
2013-01,53,51,-61710,57171
2013-01,54,51,-49623,44472
2013-01,55,51,24684,-73440
2013-01,56,51,69309,26418
2013-01,57,51,-91035,-5814
2013-01,58,51,80172,-39321
2013-01,59,51,31824,61608
2013-01,60,51,-87720,-37689
2013-01,61,51,58191,-3009
2013-02,0,65,186680,20280
2013-02,1,65,26975,24635
2013-02,2,65,96265,-14430
2013-02,3,65,51220,40170
2013-02,4,65,-390,11895
2013-02,5,65,42120,28600
2013-02,6,65,-37895,44070
2013-02,7,65,-76115,24570
2013-02,8,65,24765,109135
2013-02,9,65,90090,-22555
2013-02,10,65,-21580,9165
2013-02,11,65,-36920,-18655
2013-02,12,65,-20085,-22815
2013-02,13,65,-24440,62855
2013-02,14,65,107185,-81120
2013-02,15,65,-49335,93860
2013-02,16,65,-25870,-70395
2013-02,17,65,3965,-23010
2013-02,18,65,-22165,74230
2013-02,19,65,-9360,11440
2013-02,20,65,72020,-17290
2013-02,21,65,-13390,-43615
2013-02,22,65,11115,51675
2013-02,23,65,68445,16900
2013-02,24,65,2730,5395
2013-02,25,65,-141440,-34970
2013-02,26,65,39650,-8840
2013-02,27,65,48230,25090
2013-02,28,65,38350,11375
2013-02,29,65,-22230,-64610
2013-02,30,65,34840,41990
2013-02,31,65,-115375,14495
2013-02,32,65,24310,65520
2013-02,33,65,36400,-32890
2013-02,34,65,58500,12480
2013-02,35,65,-2535,6890
2013-02,36,65,-135720,-17745
2013-02,37,65,42770,-31460
2013-02,38,65,46540,-41990
2013-02,39,65,29055,59735
2013-02,40,65,6500,67925
2013-02,41,65,-118560,-3185
2013-02,42,65,146575,-35035
2013-02,43,65,-26910,7540
2013-02,44,65,-84240,42575
2013-02,45,65,-38740,-43290
2013-02,46,65,13585,-7735
2013-02,47,65,91065,21385
2013-02,48,65,-51415,8515
2013-02,49,65,98345,-69615
2013-02,50,65,-117325,78845
2013-02,51,65,70655,-2210
2013-02,52,65,-64545,-25610
2013-02,53,65,56940,-38090
2013-02,54,65,-1560,28340
2013-02,55,65,-59540,-35035
2013-02,56,65,124020,62465
2013-02,57,65,-136630,-6500
2013-02,58,65,-10790,11505
2013-02,59,65,106730,-71760
2013-02,60,65,4875,57590
2013-03,0,77,157234,12243
2013-03,1,77,189266,34881
2013-03,2,77,-43736,-9856
2013-03,3,77,113190,50050
2013-03,4,77,19327,18711
2013-03,5,77,-45122,50512
2013-03,6,77,-50127,34034
2013-03,7,77,87472,64911
2013-03,8,77,-11242,72996
2013-03,9,77,58212,-50974
2013-03,10,77,7777,56287
2013-03,11,77,-62062,-68761
2013-03,12,77,25718,67760
2013-03,13,77,-11165,7392
2013-03,14,77,69454,-75075
2013-03,15,77,-117425,3311
2013-03,16,77,20867,55132
2013-03,17,77,-23639,-61446
2013-03,18,77,142989,-3696
2013-03,19,77,-139524,38346
2013-03,20,77,95634,3850
2013-03,21,77,-67529,24178
2013-03,22,77,-28952,12705
2013-03,23,77,138831,-36036
2013-03,24,77,-82390,90629
2013-03,25,77,10395,-69069
2013-03,26,77,41118,14322
2013-03,27,77,-131593,74767
2013-03,28,77,143297,-38885
2013-03,29,77,-32340,-847
2013-03,30,77,-27489,-38038
2013-03,31,77,21483,92477
2013-03,32,77,-85393,-6314
2013-03,33,77,97790,7161
2013-03,34,77,1848,-85162
2013-03,35,77,56903,95788
2013-03,36,77,-21945,-68530
2013-03,37,77,-142527,-21021
2013-03,38,77,132440,89628
2013-03,39,77,-129668,-108493
2013-03,40,77,1155,-13475
2013-03,41,77,52283,49973
2013-03,42,77,93324,20020
2013-03,43,77,-53669,-11011
2013-03,44,77,-29029,-54054
2013-03,45,77,-43967,3157
2013-03,46,77,119350,16863
2013-03,47,77,-132440,84854
2013-03,48,77,8316,-39578
2013-03,49,77,79387,78309
2013-03,50,77,-70609,-154
2013-03,51,77,-10780,-36883
2013-03,52,77,92708,16093
2013-03,53,77,-64603,-81312
2013-03,54,77,76230,97790
2013-03,55,77,23870,26719
2013-03,56,77,-46508,-112805
2013-03,57,77,-94864,23177
2013-03,58,77,141141,-45584
2013-03,59,77,-36652,94325
2013-04,0,90,230580,37170
2013-04,1,90,88020,-31320
2013-04,2,90,56070,82170
2013-04,3,90,61020,9990
2013-04,4,90,103590,13410
2013-04,5,90,-36810,71370
2013-04,6,90,-78750,-2070
2013-04,7,90,159120,118350
2013-04,8,90,-80370,60210
2013-04,9,90,-57150,-69660
2013-04,10,90,-4680,3060
2013-04,11,90,105120,94770
2013-04,12,90,-3060,-86130
2013-04,13,90,37710,46980
2013-04,14,90,25290,34380
2013-04,15,90,-96570,-25020
2013-04,16,90,-13950,-8100
2013-04,17,90,105570,75330
2013-04,18,90,-35460,-5310
2013-04,19,90,-123930,-31320
2013-04,20,90,173970,58950
2013-04,21,90,-45360,-8550
2013-04,22,90,25740,-5940
2013-04,23,90,-27630,34830
2013-04,24,90,39780,-6210
2013-04,25,90,-185490,-114570
2013-04,26,90,193770,39150
2013-04,27,90,-178380,6840
2013-04,28,90,-3780,14580
2013-04,29,90,86220,-22860
2013-04,30,90,17190,37980
2013-04,31,90,-7650,-56790
2013-04,32,90,92790,132030
2013-04,33,90,-26280,-15390
2013-04,34,90,-158940,-60120
2013-04,35,90,116730,1440
2013-04,36,90,-105390,-47070
2013-04,37,90,139770,3960
2013-04,38,90,-94770,60210
2013-04,39,90,71100,36180
2013-04,40,90,51210,-57780
2013-04,41,90,-180,-12870
2013-04,42,90,-151200,78300
2013-04,43,90,13320,28980
2013-04,44,90,55980,-98910
2013-04,45,90,-36810,93870
2013-04,46,90,32220,-18720
2013-04,47,90,4230,-91800
2013-04,48,90,-40680,59850
2013-04,49,90,74970,-360
2013-04,50,90,-78480,-18900
2013-04,51,90,138420,5220
2013-04,52,90,-125550,-21600
2013-04,53,90,4770,95130
2013-04,54,90,116280,39690
2013-04,55,90,-45090,-59850
2013-04,56,90,-49500,46710
2013-04,57,90,107190,58680
2013-04,58,90,-82890,-41940
2013-05,0,131,329989,16244
2013-05,1,131,182352,41658
2013-05,2,131,81089,67465
2013-05,3,131,-21615,19388
2013-05,4,131,94975,24104
2013-05,5,131,67203,32750
2013-05,6,131,-36811,103490
2013-05,7,131,145148,139646
2013-05,8,131,-13624,42051
2013-05,9,131,-109385,-36811
2013-05,10,131,-36680,57902
2013-05,11,131,-18864,-23318
2013-05,12,131,-20043,5502
2013-05,13,131,86984,-14672
2013-05,14,131,-104276,113446
2013-05,15,131,72181,-100477
2013-05,16,131,113970,92355
2013-05,17,131,-193749,-42968
2013-05,18,131,101263,26593
2013-05,19,131,109254,-44016
2013-05,20,131,-153925,82792
2013-05,21,131,181959,-58033
2013-05,22,131,-156938,8122
2013-05,23,131,-39562,-97988
2013-05,24,131,163095,169383
2013-05,25,131,-50828,-61963
2013-05,26,131,-136109,107682
2013-05,27,131,153663,-28165
2013-05,28,131,-42444,-4716
2013-05,29,131,142921,50042
2013-05,30,131,-106896,-36156
2013-05,31,131,-31178,42706
2013-05,32,131,-84626,-26986
2013-05,33,131,22270,73753
2013-05,34,131,143183,-121568
2013-05,35,131,-159820,41527
2013-05,36,131,-54365,26593
2013-05,37,131,111088,-74670
2013-05,38,131,135454,40610
2013-05,39,131,-18995,-72050
2013-05,40,131,-155104,147899
2013-05,41,131,40348,-44802
2013-05,42,131,-93141,-15851
2013-05,43,131,206063,-125105
2013-05,44,131,-78207,217329
2013-05,45,131,-52007,-210124
2013-05,46,131,-56461,129952
2013-05,47,131,263834,48077
2013-05,48,131,-234752,96285
2013-05,49,131,234883,15196
2013-05,50,131,-110433,-129821
2013-05,51,131,90128,96940
2013-05,52,131,-146327,18733
2013-05,53,131,-48994,-138336
2013-05,54,131,230036,-70871
2013-05,55,131,-154973,121699
2013-05,56,131,-113315,82661
2013-05,57,131,219294,-83054
2013-06,0,183,443409,83265
2013-06,1,183,229116,-71370
2013-06,2,183,-2196,130296
2013-06,3,183,320433,51972
2013-06,4,183,-26535,28548
2013-06,5,183,-90219,84729
2013-06,6,183,-47397,88206
2013-06,7,183,340563,94611
2013-06,8,183,-59475,138348
2013-06,9,183,-125355,77226
2013-06,10,183,242841,101931
2013-06,11,183,-303414,-149145
2013-06,12,183,254187,35136
2013-06,13,183,-312015,158844
2013-06,14,183,98271,-45567
2013-06,15,183,216489,-182817
2013-06,16,183,-128649,145851
2013-06,17,183,143838,-28548
2013-06,18,183,-293532,162321
2013-06,19,183,298107,-266265
2013-06,20,183,-243390,34587
2013-06,21,183,167628,7686
2013-06,22,183,60390,5490
2013-06,23,183,-219783,213927
2013-06,24,183,152622,20130
2013-06,25,183,-174216,19215
2013-06,26,183,315126,34587
2013-06,27,183,-112728,-24522
2013-06,28,183,-246867,-41358
2013-06,29,183,40077,-58926
2013-06,30,183,117852,-115290
2013-06,31,183,-191235,4392
2013-06,32,183,-2196,-29463
2013-06,33,183,314394,197823
2013-06,34,183,-250344,3843
2013-06,35,183,202764,73017
2013-06,36,183,-120780,40809
2013-06,37,183,140544,-223260
2013-06,38,183,116205,42639
2013-06,39,183,34953,166347
2013-06,40,183,-64599,-55998
2013-06,41,183,-80520,119316
2013-06,42,183,-81984,-4026
2013-06,43,183,-83997,-236253
2013-06,44,183,188490,46665
2013-06,45,183,-128832,34221
2013-06,46,183,88572,-64965
2013-06,47,183,-226371,-30378
2013-06,48,183,232959,195078
2013-06,49,183,-179340,27450
2013-06,50,183,-19581,19581
2013-06,51,183,165066,94062
2013-06,52,183,153537,-270657
2013-06,53,183,-251625,122427
2013-06,54,183,35868,-183000
2013-06,55,183,172935,4209
2013-06,56,183,82899,218502
2013-07,0,247,604162,106704
2013-07,1,247,139802,66443
2013-07,2,247,238849,57551
2013-07,3,247,124735,48165
2013-07,4,247,226005,73606
2013-07,5,247,9880,75829
2013-07,6,247,-189943,86203
2013-07,7,247,426569,319371
2013-07,8,247,-146471,69901
2013-07,9,247,-313937,-69160
2013-07,10,247,-4199,33098
2013-07,11,247,196365,131157
2013-07,12,247,196859,27911
2013-07,13,247,-29640,93119
2013-07,14,247,201305,-87191
2013-07,15,247,-345306,-186979
2013-07,16,247,259844,232921
2013-07,17,247,-87438,-115596
2013-07,18,247,37050,107692
2013-07,19,247,69901,-35568
2013-07,20,247,-196365,-12350
2013-07,21,247,273182,82745
2013-07,22,247,-532285,-38038
2013-07,23,247,543400,-14820
2013-07,24,247,-116584,-73359
2013-07,25,247,9386,176852
2013-07,26,247,30134,-45942
2013-07,27,247,-325052,-89908
2013-07,28,247,337155,-61997
2013-07,29,247,-202540,75335
2013-07,30,247,214396,290719
2013-07,31,247,-70148,-361361
2013-07,32,247,68419,173641
2013-07,33,247,-432497,-151905
2013-07,34,247,175617,366795
2013-07,35,247,192907,-225017
2013-07,36,247,-125723,199082
2013-07,37,247,-92625,89167
2013-07,38,247,159809,-426075
2013-07,39,247,-248235,66690
2013-07,40,247,4940,218842
2013-07,41,247,-72124,-190684
2013-07,42,247,209456,80275
2013-07,43,247,-185497,-111150
2013-07,44,247,250458,59033
2013-07,45,247,246259,142272
2013-07,46,247,-321594,292695
2013-07,47,247,55822,-169442
2013-07,48,247,42731,-78052
2013-07,49,247,153881,-128687
2013-07,50,247,-96577,119054
2013-07,51,247,125229,179569
2013-07,52,247,4199,-254657
2013-07,53,247,-473499,60762
2013-07,54,247,503139,71877
2013-07,55,247,-430274,58045
2013-08,0,315,762300,35595
2013-08,1,315,548730,4725
2013-08,2,315,-153720,140175
2013-08,3,315,111510,184905
2013-08,4,315,356265,22995
2013-08,5,315,199395,307125
2013-08,6,315,27090,91665
2013-08,7,315,-28665,378315
2013-08,8,315,-377370,221445
2013-08,9,315,11025,-405720
2013-08,10,315,134505,335475
2013-08,11,315,-25830,-171990
2013-08,12,315,192780,-127575
2013-08,13,315,-122220,441315
2013-08,14,315,-154980,-80640
2013-08,15,315,660870,-252000
2013-08,16,315,-463995,265860
2013-08,17,315,87255,145845
2013-08,18,315,-158760,-244755
2013-08,19,315,-137970,-93555
2013-08,20,315,521640,241290
2013-08,21,315,-117495,63945
2013-08,22,315,-69615,29295
2013-08,23,315,330435,-278145
2013-08,24,315,-244755,21735
2013-08,25,315,-223020,-86940
2013-08,26,315,-73710,-59220
2013-08,27,315,-73080,553770
2013-08,28,315,360990,-537075
2013-08,29,315,-102375,361620
2013-08,30,315,38430,214515
2013-08,31,315,-9450,-463365
2013-08,32,315,-207900,20475
2013-08,33,315,128520,430605
2013-08,34,315,-174195,-161595
2013-08,35,315,587160,-61110
2013-08,36,315,-100485,-4410
2013-08,37,315,86310,355950
2013-08,38,315,-166635,-125685
2013-08,39,315,-232470,-274995
2013-08,40,315,-4095,-45360
2013-08,41,315,-53235,315630
2013-08,42,315,57330,11340
2013-08,43,315,328545,-313740
2013-08,44,315,-329490,384615
2013-08,45,315,355320,-141750
2013-08,46,315,160650,112770
2013-08,47,315,-426825,-373590
2013-08,48,315,-45675,290430
2013-08,49,315,428400,101115
2013-08,50,315,-367920,132615
2013-08,51,315,342090,-378630
2013-08,52,315,57960,75285
2013-08,53,315,-563850,176400
2013-08,54,315,292320,-59850
2013-09,0,451,1129304,24805
2013-09,1,451,293150,89749
2013-09,2,451,758131,87494
2013-09,3,451,-257521,321112
2013-09,4,451,293150,120417
2013-09,5,451,130339,124476
2013-09,6,451,-222343,436568
2013-09,7,451,843370,253913
2013-09,8,451,-553377,316151
2013-09,9,451,500159,152438
2013-09,10,451,-281875,-528121
2013-09,11,451,-537141,670637
2013-09,12,451,-50963,27962
2013-09,13,451,981827,-415371
2013-09,14,451,-399135,165968
2013-09,15,451,-361702,46453
2013-09,16,451,108691,18491
2013-09,17,451,445137,-420332
2013-09,18,451,-369820,67650
2013-09,19,451,-40139,3157
2013-09,20,451,691834,447392
2013-09,21,451,-545259,244893
2013-09,22,451,-42394,-220088
2013-09,23,451,-115907,190322
2013-09,24,451,91102,-610203
2013-09,25,451,114103,323818
2013-09,26,451,-324269,219637
2013-09,27,451,772563,-310739
2013-09,28,451,-345015,902
2013-09,29,451,149732,511434
2013-09,30,451,-242638,-536690
2013-09,31,451,308033,522258
2013-09,32,451,85239,-594869
2013-09,33,451,-395076,450549
2013-09,34,451,79376,-88396
2013-09,35,451,26158,-30217
2013-09,36,451,13981,-242187
2013-09,37,451,-396880,151085
2013-09,38,451,-138457,191224
2013-09,39,451,667480,196636
2013-09,40,451,-379291,-303072
2013-09,41,451,-106436,-122221
2013-09,42,451,-87945,647636
2013-09,43,451,108691,-451
2013-09,44,451,619223,-559240
2013-09,45,451,-195734,234971
2013-09,46,451,89749,244893
2013-09,47,451,-207460,-329230
2013-09,48,451,-134398,51414
2013-09,49,451,3157,326073
2013-09,50,451,248050,-567809
2013-09,51,451,-562397,506473
2013-09,52,451,738738,376134
2013-09,53,451,231363,-500610
2013-10,0,669,1774857,166581
2013-10,1,669,317106,115737
2013-10,2,669,574002,0
2013-10,3,669,830229,497736
2013-10,4,669,234819,86970
2013-10,5,669,-642240,468969
2013-10,6,669,1093146,-113061
2013-10,7,669,-32112,664986
2013-10,8,669,-381999,958677
2013-10,9,669,350556,-810828
2013-10,10,669,-752625,776709
2013-10,11,669,-294360,-396717
2013-10,12,669,1373457,624846
2013-10,13,669,-1281135,-797448
2013-10,14,669,1097160,570657
2013-10,15,669,-320451,98343
2013-10,16,669,-193341,19401
2013-10,17,669,333162,-157884
2013-10,18,669,-828891,494391
2013-10,19,669,859665,-997479
2013-10,20,669,-656289,495060
2013-10,21,669,256227,-450237
2013-10,22,669,857658,222777
2013-10,23,669,-470307,581361
2013-10,24,669,109047,-607452
2013-10,25,669,246861,913185
2013-10,26,669,-194679,-784737
2013-10,27,669,372633,-84294
2013-10,28,669,-1308564,42147
2013-10,29,669,703119,-135138
2013-10,30,669,-64224,91653
2013-10,31,669,-48168,50844
2013-10,32,669,-479673,698436
2013-10,33,669,304395,338514
2013-10,34,669,738576,-544566
2013-10,35,669,-616149,-155208
2013-10,36,669,316437,-8028
2013-10,37,669,-790089,75597
2013-10,38,669,529179,539214
2013-10,39,669,-120420,-685725
2013-10,40,669,181299,1015542
2013-10,41,669,499074,-846285
2013-10,42,669,-1275114,689739
2013-10,43,669,1206876,-315768
2013-10,44,669,-814842,311085
2013-10,45,669,-85632,-530517
2013-10,46,669,-84963,25422
2013-10,47,669,774702,-379323
2013-10,48,669,-290346,788082
2013-10,49,669,-487701,-518475
2013-10,50,669,-13380,261579
2013-10,51,669,88977,588720
2013-10,52,669,503088,319782
2013-11,0,720,1913040,34560
2013-11,1,720,755280,475200
2013-11,2,720,876960,-129600
2013-11,3,720,-608400,478080
2013-11,4,720,1129680,94320
2013-11,5,720,-185040,316800
2013-11,6,720,407520,141120
2013-11,7,720,406080,748080
2013-11,8,720,-502560,514800
2013-11,9,720,-73440,578880
2013-11,10,720,720000,-555840
2013-11,11,720,30960,-256320
2013-11,12,720,-389520,-128880
2013-11,13,720,173520,707040
2013-11,14,720,-839520,-663840
2013-11,15,720,-91440,810000
2013-11,16,720,757440,234000
2013-11,17,720,-383760,-958320
2013-11,18,720,326880,872640
2013-11,19,720,-370800,-653760
2013-11,20,720,-398880,807840
2013-11,21,720,248400,-303120
2013-11,22,720,-74880,247680
2013-11,23,720,971280,-838800
2013-11,24,720,-750240,550800
2013-11,25,720,56880,-221040
2013-11,26,720,-223200,-66960
2013-11,27,720,-227520,120960
2013-11,28,720,-96480,-85680
2013-11,29,720,942480,810000
2013-11,30,720,246960,-155520
2013-11,31,720,-897120,-792720
2013-11,32,720,482400,997920
2013-11,33,720,336960,-509760
2013-11,34,720,-265680,306000
2013-11,35,720,118800,-209520
2013-11,36,720,-285840,532080
2013-11,37,720,286560,228240
2013-11,38,720,83520,172080
2013-11,39,720,-1083600,-1247040
2013-11,40,720,630720,1130400
2013-11,41,720,-480960,23760
2013-11,42,720,1061280,-1016640
2013-11,43,720,-900000,1254240
2013-11,44,720,385200,-1210320
2013-11,45,720,-128880,126000
2013-11,46,720,-636480,-285120
2013-11,47,720,582480,818640
2013-11,48,720,770400,-79920
2013-11,49,720,317520,259920
2013-11,50,720,-650160,504000
2013-11,51,720,732960,-1104480
2013-12,0,711,2017818,59013
2013-12,1,711,132957,5688
2013-12,2,711,1100628,646299
2013-12,3,711,-82476,46926
2013-12,4,711,655542,281556
2013-12,5,711,-186282,472815
2013-12,6,711,870975,36972
2013-12,7,711,-1281933,546759
2013-12,8,711,510498,952029
2013-12,9,711,-174195,-334170
2013-12,10,711,1225764,-437265
2013-12,11,711,-370431,54747
2013-12,12,711,-217566,836847
2013-12,13,711,-722376,-818361
2013-12,14,711,52614,886617
2013-12,15,711,102384,-916479
2013-12,16,711,-45504,686826
2013-12,17,711,327060,430866
2013-12,18,711,205479,-216144
2013-12,19,711,639189,-173484
2013-12,20,711,-597240,147888
2013-12,21,711,725220,-197658
2013-12,22,711,-682560,533250
2013-12,23,711,383229,24174
2013-12,24,711,-945630,-1016730
2013-12,25,711,1017441,295776
2013-12,26,711,-478503,-117315
2013-12,27,711,29151,727353
2013-12,28,711,-110916,-59013
2013-12,29,711,-613593,494145
2013-12,30,711,398160,-1070766
2013-12,31,711,1028106,-162819
2013-12,32,711,-1051569,1095651
2013-12,33,711,764325,-678294
2013-12,34,711,-669762,844668
2013-12,35,711,199791,-543204
2013-12,36,711,477792,-239607
2013-12,37,711,-1136889,235341
2013-12,38,711,371142,-131535
2013-12,39,711,358344,636345
2013-12,40,711,-183438,-393894
2013-12,41,711,323505,-447930
2013-12,42,711,-97407,1298997
2013-12,43,711,-821205,-1323171
2013-12,44,711,923589,250272
2013-12,45,711,-962694,-214722
2013-12,46,711,932121,1208700
2013-12,47,711,504099,22752
2013-12,48,711,-707445,-1106316
2013-12,49,711,452907,868842
2013-12,50,711,258804,-211167
2014-01,0,872,2210520,42728
2014-01,1,872,800496,642664
2014-01,2,872,147368,-190968
2014-01,3,872,1968976,513608
2014-01,4,872,-1385608,231952
2014-01,5,872,1115288,549360
2014-01,6,872,422920,334848
2014-01,7,872,-1231264,872000
2014-01,8,872,1600992,406352
2014-01,9,872,-955712,-686264
2014-01,10,872,1083896,790904
2014-01,11,872,-1451008,-350544
2014-01,12,872,772592,876360
2014-01,13,872,-956584,-621736
2014-01,14,872,1702144,-538024
2014-01,15,872,-1217312,368856
2014-01,16,872,824912,-122080
2014-01,17,872,-91560,-45344
2014-01,18,872,-1165864,376704
2014-01,19,872,432512,-319152
2014-01,20,872,-34008,383680
2014-01,21,872,1004544,-115104
2014-01,22,872,-1052504,1062968
2014-01,23,872,537152,-1159760
2014-01,24,872,151728,1103952
2014-01,25,872,-1022856,-1325440
2014-01,26,872,170912,712424
2014-01,27,872,-199688,-629584
2014-01,28,872,1675112,654872
2014-01,29,872,-732480,419432
2014-01,30,872,-441232,-522328
2014-01,31,872,149984,142136
2014-01,32,872,-517968,-149112
2014-01,33,872,1175456,-28776
2014-01,34,872,-323512,68888
2014-01,35,872,-47960,1035936
2014-01,36,872,-782184,-951352
2014-01,37,872,1647208,265088
2014-01,38,872,-1342008,-595576
2014-01,39,872,1188536,1328056
2014-01,40,872,-1165864,-1118776
2014-01,41,872,320896,838864
2014-01,42,872,-823168,403736
2014-01,43,872,1073432,-73248
2014-01,44,872,-464776,96792
2014-01,45,872,-299968,372344
2014-01,46,872,1176328,-1639360
2014-01,47,872,-1379504,638304
2014-01,48,872,1340264,927808
2014-01,49,872,462160,-1431824
2014-02,0,1223,3417062,480639
2014-02,1,1223,1551987,299635
2014-02,2,1223,354670,-272729
2014-02,3,1223,1692632,871999
2014-02,4,1223,-1560548,303304
2014-02,5,1223,1219331,741138
2014-02,6,1223,23237,555242
2014-02,7,1223,-1208324,1039550
2014-02,8,1223,343663,1220554
2014-02,9,1223,226255,108847
2014-02,10,1223,2139027,-442726
2014-02,11,1223,-2436216,172443
2014-02,12,1223,333879,582148
2014-02,13,1223,1701193,-1247460
2014-02,14,1223,-99063,703225
2014-02,15,1223,632291,-945379
2014-02,16,1223,-1433356,461071
2014-02,17,1223,-1148397,-114962
2014-02,18,1223,2293125,182227
2014-02,19,1223,-1298826,1367314
2014-02,20,1223,560134,-1829608
2014-02,21,1223,-1329401,1188756
2014-02,22,1223,1657165,547904
2014-02,23,1223,271506,-50143
2014-02,24,1223,-1137390,-145537
2014-02,25,1223,-905020,-649413
2014-02,26,1223,1527527,376684
2014-02,27,1223,1011421,699556
2014-02,28,1223,-1521412,-1440694
2014-02,29,1223,787612,798619
2014-02,30,1223,725239,721570
2014-02,31,1223,-646967,-1097031
2014-02,32,1223,-1816155,-384022
2014-02,33,1223,854877,223809
2014-02,34,1223,1610691,248269
2014-02,35,1223,-1854068,147983
2014-02,36,1223,2054640,650636
2014-02,37,1223,-1657165,385245
2014-02,38,1223,642075,-1259690
2014-02,39,1223,326541,843870
2014-02,40,1223,-430496,165105
2014-02,41,1223,573587,-781497
2014-02,42,1223,-151652,124746
2014-02,43,1223,-1905434,59927
2014-02,44,1223,33021,1774573
2014-02,45,1223,1072571,-637183
2014-02,46,1223,113739,-1033435
2014-02,47,1223,-62373,1879751
2014-02,48,1223,-572364,-582148
2014-03,0,1168,2949200,576992
2014-03,1,1168,2156128,212576
2014-03,2,1168,-624880,144832
2014-03,3,1168,1755504,328208
2014-03,4,1168,300176,440336
2014-03,5,1168,-1030176,670432
2014-03,6,1168,-134320,685616
2014-03,7,1168,2226208,763872
2014-03,8,1168,246448,-53728
2014-03,9,1168,-2232048,1423792
2014-03,10,1168,589840,-10512
2014-03,11,1168,1408608,-642400
2014-03,12,1168,-519760,-718320
2014-03,13,1168,-758032,677440
2014-03,14,1168,-304848,991632
2014-03,15,1168,1611840,-697296
2014-03,16,1168,-332880,591008
2014-03,17,1168,-589840,-593344
2014-03,18,1168,-1205376,-10512
2014-03,19,1168,835120,-353904
2014-03,20,1168,1103760,357408
2014-03,21,1168,-582832,1009152
2014-03,22,1168,858480,-1757840
2014-03,23,1168,-699632,644736
2014-03,24,1168,851472,1120112
2014-03,25,1168,-2079040,233600
2014-03,26,1168,2028816,-1575632
2014-03,27,1168,-2243728,266304
2014-03,28,1168,1667904,-142496
2014-03,29,1168,-1212384,-151840
2014-03,30,1168,682112,843296
2014-03,31,1168,126144,920384
2014-03,32,1168,-364416,-1539424
2014-03,33,1168,109792,1858288
2014-03,34,1168,-454352,-1804560
2014-03,35,1168,-65408,566480
2014-03,36,1168,64240,-192720
2014-03,37,1168,-203232,-54896
2014-03,38,1168,1415616,609696
2014-03,39,1168,126144,-464864
2014-03,40,1168,-594512,892352
2014-03,41,1168,259296,876000
2014-03,42,1168,80592,-2151456
2014-03,43,1168,-1173840,231264
2014-03,44,1168,786064,1053536
2014-03,45,1168,-186880,-1177344
2014-03,46,1168,-127312,1766016
2014-03,47,1168,-490560,-1575632
2014-04,0,1572,4624824,139908
2014-04,1,1572,380424,691680
2014-04,2,1572,573780,124188
2014-04,3,1572,3763368,729408
2014-04,4,1572,-2563932,457452
2014-04,5,1572,180780,1216728
2014-04,6,1572,-188640,543912
2014-04,7,1572,2876760,930624
2014-04,8,1572,-536052,1878540
2014-04,9,1572,-759276,-1570428
2014-04,10,1572,738840,-26724
2014-04,11,1572,1169568,2125344
2014-04,12,1572,-487320,-1086252
2014-04,13,1572,-1248168,-853596
2014-04,14,1572,314400,1870680
2014-04,15,1572,-437016,377280
2014-04,16,1572,1801512,-1774788
2014-04,17,1572,301824,1724484
2014-04,18,1572,271956,-1167996
2014-04,19,1572,-2031024,1204152
2014-04,20,1572,-1336200,-565920
2014-04,21,1572,1847100,-188640
2014-04,22,1572,628800,485748
2014-04,23,1572,234228,260952
2014-04,24,1572,779712,545484
2014-04,25,1572,-2299836,216936
2014-04,26,1572,-597360,-363132
2014-04,27,1572,1545276,440160
2014-04,28,1572,-1340916,-2578080
2014-04,29,1572,2565504,1510692
2014-04,30,1572,-1131840,-1119264
2014-04,31,1572,-1707192,42444
2014-04,32,1572,1265460,921192
2014-04,33,1572,1815660,95892
2014-04,34,1572,-1545276,1421088
2014-04,35,1572,-842592,319116
2014-04,36,1572,-1111404,-666528
2014-04,37,1572,2790300,652380
2014-04,38,1572,-1947708,158772
2014-04,39,1572,2651964,-2362716
2014-04,40,1572,-1408512,664956
2014-04,41,1572,-1914696,-223224
2014-04,42,1572,1284324,1070532
2014-04,43,1572,1898976,1572
2014-04,44,1572,-984072,795432
2014-04,45,1572,-801720,215364
2014-04,46,1572,661812,-1620732
2014-05,0,1651,3310255,189865
2014-05,1,1651,3082417,837057
2014-05,2,1651,962533,-290576
2014-05,3,1651,143637,1045083
2014-05,4,1651,1908556,227838
2014-05,5,1651,-158496,1130935
2014-05,6,1651,688467,663702
2014-05,7,1651,-2407158,2167763
2014-05,8,1651,1543685,769366
2014-05,9,1651,1162304,-655447
2014-05,10,1651,-490347,252603
2014-05,11,1651,-1987804,-270764
2014-05,12,1651,1238250,1068197
2014-05,13,1651,-346710,-1056640
2014-05,14,1651,848614,1553591
2014-05,15,1651,1733550,-194818
2014-05,16,1651,-2091817,-467233
2014-05,17,1651,-383032,203073
2014-05,18,1651,1555242,-1401699
2014-05,19,1651,-1026922,1363726
2014-05,20,1651,-376428,13208
2014-05,21,1651,1205230,-458978
2014-05,22,1651,-2020824,282321
2014-05,23,1651,1807845,-733044
2014-05,24,1651,-1271270,931164
2014-05,25,1651,1766570,1243203
2014-05,26,1651,-2265172,-1041781
2014-05,27,1651,3089021,-1040130
2014-05,28,1651,-1553591,1205230
2014-05,29,1651,-1660906,-1251458
2014-05,30,1651,2854579,733044
2014-05,31,1651,-229489,1297686
2014-05,32,1651,-1938274,156845
2014-05,33,1651,2535936,-823849
2014-05,34,1651,-1304290,-936117
2014-05,35,1651,491998,2588768
2014-05,36,1651,713232,267462
2014-05,37,1651,-1300988,-1523873
2014-05,38,1651,-1274572,204724
2014-05,39,1651,1000506,-199771
2014-05,40,1651,1424813,-143637
2014-05,41,1651,-2583815,1631188
2014-05,42,1651,2040636,-2486406
2014-05,43,1651,1383538,1637792
2014-05,44,1651,-3911219,272415
2014-05,45,1651,653796,-1664208
2014-06,0,2469,6607044,1069077
2014-06,1,2469,3303522,777735
2014-06,2,2469,2471469,-318501
2014-06,3,2469,-1925820,1345605
2014-06,4,2469,4249149,562932
2014-06,5,2469,-733293,666630
2014-06,6,2469,-365412,1049325
2014-06,7,2469,-1022166,2461593
2014-06,8,2469,3034401,933282
2014-06,9,2469,654285,585153
2014-06,10,2469,-1232031,1049325
2014-06,11,2469,-874026,-1720893
2014-06,12,2469,-2676396,2039394
2014-06,13,2469,5244156,1019697
2014-06,14,2469,-775266,-2671458
2014-06,15,2469,-4031877,1711017
2014-06,16,2469,-565401,-224679
2014-06,17,2469,2397399,-103698
2014-06,18,2469,471579,-283935
2014-06,19,2469,-316032,2241852
2014-06,20,2469,-2456655,-2214693
2014-06,21,2469,3881268,266652
2014-06,22,2469,1093767,2199879
2014-06,23,2469,-2785032,-1041918
2014-06,24,2469,-1617195,960441
2014-06,25,2469,1098705,-2231976
2014-06,26,2469,-49380,666630
2014-06,27,2469,3271425,1520904
2014-06,28,2469,-748107,-1185120
2014-06,29,2469,780204,1473993
2014-06,30,2469,12345,590091
2014-06,31,2469,-1081422,-1172775
2014-06,32,2469,-1538187,948096
2014-06,33,2469,-1540656,219741
2014-06,34,2469,3792384,390102
2014-06,35,2469,-158016,-2320860
2014-06,36,2469,-953034,1380171
2014-06,37,2469,-2906013,-2478876
2014-06,38,2469,3185010,3965214
2014-06,39,2469,-911061,212334
2014-06,40,2469,1414737,-2597388
2014-06,41,2469,-1192527,1451772
2014-06,42,2469,209865,19752
2014-06,43,2469,-1590036,296280
2014-06,44,2469,-1278942,-817239
2014-07,0,2557,6435969,340081
2014-07,1,2557,3779246,1339868
2014-07,2,2557,2702749,-291498
2014-07,3,2557,1437034,1375666
2014-07,4,2557,-2735990,1068826
2014-07,5,2557,1160878,130407
2014-07,6,2557,3595142,1651822
2014-07,7,2557,-3178351,999787
2014-07,8,2557,1311741,2531430
2014-07,9,2557,-2615811,2329427
2014-07,10,2557,3756233,-2252717
2014-07,11,2557,-4057959,-928191
2014-07,12,2557,4868528,-33241
2014-07,13,2557,-2329427,3234605
2014-07,14,2557,-1938206,-1521415
2014-07,15,2557,3868741,646921
2014-07,16,2557,-2961006,-667377
2014-07,17,2557,2260388,999787
2014-07,18,2557,-1513744,43469
2014-07,19,2557,3595142,-1454933
2014-07,20,2557,-3423823,912849
2014-07,21,2557,-1454933,-772214
2014-07,22,2557,1112295,-478159
2014-07,23,2557,-1375666,2406137
2014-07,24,2557,2388238,1656936
2014-07,25,2557,-1513744,-1991903
2014-07,26,2557,1329640,-99723
2014-07,27,2557,447475,176433
2014-07,28,2557,-1480503,-1912636
2014-07,29,2557,4259962,1344982
2014-07,30,2557,-1467718,-143192
2014-07,31,2557,-145749,1887066
2014-07,32,2557,1513744,1792457
2014-07,33,2557,-2188792,-76710
2014-07,34,2557,-3106755,-2874068
2014-07,35,2557,2337098,2720648
2014-07,36,2557,189218,43469
2014-07,37,2557,-917963,-836139
2014-07,38,2557,2848498,-1536757
2014-07,39,2557,-33241,-675048
2014-07,40,2557,-2874068,3357341
2014-07,41,2557,-227573,-974217
2014-07,42,2557,833582,-2659280
2014-07,43,2557,3710207,562540
2014-08,0,2532,6489516,288648
2014-08,1,2532,2957376,1552116
2014-08,2,2532,1587564,567168
2014-08,3,2532,1607820,159516
2014-08,4,2532,2491488,645660
2014-08,5,2532,-2177520,1202700
2014-08,6,2532,70896,2043324
2014-08,7,2532,1096356,1395132
2014-08,8,2532,192432,2820648
2014-08,9,2532,-987480,-693768
2014-08,10,2532,-22788,1379940
2014-08,11,2532,3357432,-625404
2014-08,12,2532,-1969896,-944436
2014-08,13,2532,-1868616,-1547052
2014-08,14,2532,1731888,2577576
2014-08,15,2532,519060,-817836
2014-08,16,2532,-3035868,2126880
2014-08,17,2532,-402588,-962160
2014-08,18,2532,3372624,-911520
2014-08,19,2532,-281052,1688844
2014-08,20,2532,-534252,526656
2014-08,21,2532,-1610352,-200028
2014-08,22,2532,1124208,278520
2014-08,23,2532,-443100,-1817976
2014-08,24,2532,2559852,1144464
2014-08,25,2532,-4028412,-2504148
2014-08,26,2532,3982836,3729636
2014-08,27,2532,-2610492,-2954844
2014-08,28,2532,3035868,1220424
2014-08,29,2532,-2739624,-2012940
2014-08,30,2532,3995496,4117032
2014-08,31,2532,-5443800,-3648612
2014-08,32,2532,1260936,215220
2014-08,33,2532,4200588,493740
2014-08,34,2532,-331692,1812912
2014-08,35,2532,-1281192,-1835700
2014-08,36,2532,1582500,-438036
2014-08,37,2532,-5104512,3686592
2014-08,38,2532,2610492,635532
2014-08,39,2532,810240,-992544
2014-08,40,2532,-3246024,-2337036
2014-08,41,2532,4593048,1121676
2014-08,42,2532,-1931916,1164720
2014-09,0,2180,5114280,935220
2014-09,1,2180,3165360,-595140
2014-09,2,2180,2884140,1449700
2014-09,3,2180,130800,525380
2014-09,4,2180,202740,919960
2014-09,5,2180,-1495480,1175020
2014-09,6,2180,2611640,518840
2014-09,7,2180,-1855180,1103080
2014-09,8,2180,1244780,2812200
2014-09,9,2180,906880,610400
2014-09,10,2180,-595140,-610400
2014-09,11,2180,-392400,553720
2014-09,12,2180,1822480,-2009960
2014-09,13,2180,872000,1096540
2014-09,14,2180,-3782300,1403920
2014-09,15,2180,2975700,-69760
2014-09,16,2180,-1482400,-146060
2014-09,17,2180,619120,-316100
2014-09,18,2180,-1207720,-2075360
2014-09,19,2180,-922140,540640
2014-09,20,2180,1510740,1231700
2014-09,21,2180,913420,-1526000
2014-09,22,2180,-3154460,1251320
2014-09,23,2180,1111800,-701960
2014-09,24,2180,2158200,-281220
2014-09,25,2180,-606040,2578940
2014-09,26,2180,-2110240,-961380
2014-09,27,2180,1992520,-1161940
2014-09,28,2180,1288380,1268760
2014-09,29,2180,-459980,-274680
2014-09,30,2180,327000,-446900
2014-09,31,2180,-795700,1900960
2014-09,32,2180,538460,-2354400
2014-09,33,2180,-2914660,3296160
2014-09,34,2180,1491120,-2182180
2014-09,35,2180,2171280,2572400
2014-09,36,2180,-1430080,320460
2014-09,37,2180,1369040,374960
2014-09,38,2180,-3001860,-1818120
2014-09,39,2180,1238240,-1512920
2014-09,40,2180,-1105260,-19620
2014-09,41,2180,3359380,523200
2014-10,0,2512,6440768,776208
2014-10,1,2512,1303728,-75360
2014-10,2,2512,1745840,437088
2014-10,3,2512,1718208,1429328
2014-10,4,2512,1944288,846544
2014-10,5,2512,-1165568,1451936
2014-10,6,2512,4066928,1477056
2014-10,7,2512,-931952,2758176
2014-10,8,2512,-3258064,499888
2014-10,9,2512,4117168,-1170592
2014-10,10,2512,-3185216,904320
2014-10,11,2512,1070112,-1461984
2014-10,12,2512,241152,2338672
2014-10,13,2512,20096,-967120
2014-10,14,2512,2547168,-620464
2014-10,15,2512,-7536,3386176
2014-10,16,2512,-2873728,-374288
2014-10,17,2512,-640560,-216032
2014-10,18,2512,-1042480,-459696
2014-10,19,2512,3443952,-736016
2014-10,20,2512,710896,2140224
2014-10,21,2512,-2567264,-1992016
2014-10,22,2512,251200,1007312
2014-10,23,2512,3285696,-1188176
2014-10,24,2512,52752,-281344
2014-10,25,2512,-5473648,359216
2014-10,26,2512,4634640,781232
2014-10,27,2512,-4169920,-643072
2014-10,28,2512,2858656,-620464
2014-10,29,2512,-216032,725968
2014-10,30,2512,-1499664,2102544
2014-10,31,2512,-411968,-2105056
2014-10,32,2512,3830800,2318576
2014-10,33,2512,590320,-771184
2014-10,34,2512,-5388240,1570000
2014-10,35,2512,5493744,-35168
2014-10,36,2512,-4654736,-185888
2014-10,37,2512,3456512,-474768
2014-10,38,2512,-2240704,-2770736
2014-10,39,2512,-178352,4290496
2014-10,40,2512,-964608,-1044992
2014-11,0,3543,10504995,191322
2014-11,1,3543,1388856,1604979
2014-11,2,3543,3036351,832605
2014-11,3,3543,4240971,1466802
2014-11,4,3543,56688,984954
2014-11,5,3543,2710395,878664
2014-11,6,3543,-5034603,3078867
2014-11,7,3543,5381817,-77946
2014-11,8,3543,-538536,5934525
2014-11,9,3543,-1608522,-432246
2014-11,10,3543,3589059,-116919
2014-11,11,3543,-2869830,942438
2014-11,12,3543,410988,-3121383
2014-11,13,3543,1771500,2047854
2014-11,14,3543,-2912346,-630654
2014-11,15,3543,1583721,-1208163
2014-11,16,3543,-3121383,1116045
2014-11,17,3543,641283,2108085
2014-11,18,3543,-2802513,680256
2014-11,19,3543,1994709,-1955736
2014-11,20,3543,-882207,2097456
2014-11,21,3543,187779,-2961948
2014-11,22,3543,3532371,4411035
2014-11,23,3543,-294069,-4343718
2014-11,24,3543,-315327,2473014
2014-11,25,3543,-2334837,-3103668
2014-11,26,3543,2434041,5070033
2014-11,27,3543,-2504901,-85032
2014-11,28,3543,2310036,-3319791
2014-11,29,3543,3015093,3532371
2014-11,30,3543,-3043437,-3132012
2014-11,31,3543,-56688,2193117
2014-11,32,3543,4198455,478305
2014-11,33,3543,106290,-315327
2014-11,34,3543,-6852162,1410114
2014-11,35,3543,2919432,-3135555
2014-11,36,3543,-3337506,2905260
2014-11,37,3543,1151475,1491603
2014-11,38,3543,1179819,-3206415
2014-11,39,3543,970782,1895505
2014-12,0,3836,11488820,467992
2014-12,1,3836,1891148,537040
2014-12,2,3836,836248,2788772
2014-12,3,3836,6789720,717332
2014-12,4,3836,-2708216,487172
2014-12,5,3836,3203060,1158472
2014-12,6,3836,-333732,1568924
2014-12,7,3836,-222488,2654512
2014-12,8,3836,3578988,2328452
2014-12,9,3836,-4373040,-659792
2014-12,10,3836,-1361780,-30688
2014-12,11,3836,3793804,306880
2014-12,12,3836,-1906492,4630052
2014-12,13,3836,-65212,-471828
2014-12,14,3836,1833608,-502516
2014-12,15,3836,3310468,-118916
2014-12,16,3836,-537040,2121308
2014-12,17,3836,713496,414288
2014-12,18,3836,-2002392,-4468940
2014-12,19,3836,-5366564,2535596
2014-12,20,3836,6198976,2723560
2014-12,21,3836,-579236,-790216
2014-12,22,3836,667464,-3371844
2014-12,23,3836,797888,978180
2014-12,24,3836,-6329400,-2232552
2014-12,25,3836,7315252,6011012
2014-12,26,3836,-1584268,-4369204
2014-12,27,3836,-698152,1384796
2014-12,28,3836,-3402532,847756
2014-12,29,3836,5604396,-1522892
2014-12,30,3836,-4725952,3851344
2014-12,31,3836,4173568,-2405172
2014-12,32,3836,-7560756,836248
2014-12,33,3836,5101880,-3494596
2014-12,34,3836,99736,2969064
2014-12,35,3836,1960196,-483336
2014-12,36,3836,-5182436,4541824
2014-12,37,3836,5669608,-4910080
2014-12,38,3836,-502516,-1519056
2015-01,0,3328,9305088,452608
2015-01,1,3328,4076800,113152
2015-01,2,3328,2223104,2462720
2015-01,3,3328,2402816,406016
2015-01,4,3328,-2139904,1374464
2015-01,5,3328,3597568,2239744
2015-01,6,3328,-4233216,1557504
2015-01,7,3328,5051904,-212992
2015-01,8,3328,1953536,2868736
2015-01,9,3328,-4985344,356096
2015-01,10,3328,5231616,1960192
2015-01,11,3328,-2000128,1164800
2015-01,12,3328,-4499456,-1517568
2015-01,13,3328,2728960,-575744
2015-01,14,3328,3071744,-33280
2015-01,15,3328,-5241600,-1424384
2015-01,16,3328,2322944,2109952
2015-01,17,3328,-282880,-482560
2015-01,18,3328,-106496,2066688
2015-01,19,3328,-2928640,1411072
2015-01,20,3328,1091584,-2595840
2015-01,21,3328,2872064,-6656
2015-01,22,3328,-2892032,-1291264
2015-01,23,3328,888576,222976
2015-01,24,3328,-1144832,1983488
2015-01,25,3328,1757184,738816
2015-01,26,3328,4526080,-159744
2015-01,27,3328,-6423040,-1091584
2015-01,28,3328,5294848,758784
2015-01,29,3328,675584,-1667328
2015-01,30,3328,-755456,1500928
2015-01,31,3328,-2532608,93184
2015-01,32,3328,1554176,2968576
2015-01,33,3328,-2642432,-2802176
2015-01,34,3328,4196608,356096
2015-01,35,3328,1005056,-1950208
2015-01,36,3328,-103168,5957120
2015-01,37,3328,-6965504,-3880448
2015-02,0,2950,8457650,1035450
2015-02,1,2950,3607850,982350
2015-02,2,2950,3200750,457250
2015-02,3,2950,-1711000,640150
2015-02,4,2950,3180100,1026600
2015-02,5,2950,1781800,713900
2015-02,6,2950,-4501700,2289200
2015-02,7,2950,-643100,1357000
2015-02,8,2950,73750,4416150
2015-02,9,2950,6451650,-3360050
2015-02,10,2950,8850,852550
2015-02,11,2950,-3537050,-342200
2015-02,12,2950,-2306900,2545850
2015-02,13,2950,5823300,-1955850
2015-02,14,2950,-722750,-141600
2015-02,15,2950,-1073800,1076750
2015-02,16,2950,-4504650,1893900
2015-02,17,2950,5584350,-2938200
2015-02,18,2950,-2188900,-539850
2015-02,19,2950,-2180050,2696300
2015-02,20,2950,-448400,-150450
2015-02,21,2950,2183000,1123950
2015-02,22,2950,2566500,-1250800
2015-02,23,2950,-2144650,-1702150
2015-02,24,2950,-1861450,2504550
2015-02,25,2950,2864450,-1548750
2015-02,26,2950,-4088700,669650
2015-02,27,2950,805350,38350
2015-02,28,2950,1256700,2790700
2015-02,29,2950,4690500,985300
2015-02,30,2950,-5268700,-315650
2015-02,31,2950,5047450,-1271450
2015-02,32,2950,-4873400,-91450
2015-02,33,2950,-495600,-2495700
2015-02,34,2950,1663800,-590000
2015-02,35,2950,1088550,4138850
2015-02,36,2950,1593000,-3404300
2015-03,0,3605,8969240,1009400
2015-03,1,3605,4405310,969745
2015-03,2,3605,2775850,1438395
2015-03,3,3605,1092315,800310
2015-03,4,3605,3691520,237930
2015-03,5,3605,454230,2902025
2015-03,6,3605,-252350,1712375
2015-03,7,3605,-4275530,1157205
2015-03,8,3605,1528520,2728985
2015-03,9,3605,-800310,1665510
2015-03,10,3605,4408915,-3024595
2015-03,11,3605,-468650,2242310
2015-03,12,3605,2271150,-1550150
2015-03,13,3605,-4289950,811125
2015-03,14,3605,3046225,3208450
2015-03,15,3605,-994980,-3468010
2015-03,16,3605,3605,1279775
2015-03,17,3605,-1791685,940905
2015-03,18,3605,-1023820,1095920
2015-03,19,3605,1813315,1178835
2015-03,20,3605,-3403120,778680
2015-03,21,3605,1427580,-2336040
2015-03,22,3605,1643880,-1258145
2015-03,23,3605,4473805,883225
2015-03,24,3605,-3129140,-1059870
2015-03,25,3605,2501870,18025
2015-03,26,3605,385735,-349685
2015-03,27,3605,-7199185,4116910
2015-03,28,3605,-335265,-1409555
2015-03,29,3605,2400930,-2206260
2015-03,30,3605,1867390,1932280
2015-03,31,3605,1532125,-428995
2015-03,32,3605,-4974900,2916445
2015-03,33,3605,7191975,1243725
2015-03,34,3605,0,-115360
2015-03,35,3605,515515,-515515
2015-04,0,5430,11223810,1221750
2015-04,1,5430,9638250,-211770
2015-04,2,5430,526710,2334900
2015-04,3,5430,7764900,2112270
2015-04,4,5430,-2177430,1965660
2015-04,5,5430,2123130,4523190
2015-04,6,5430,-1428090,-917670
2015-04,7,5430,3909600,6477990
2015-04,8,5430,-2959350,6347670
2015-04,9,5430,5712360,-999120
2015-04,10,5430,-287790,-4718670
2015-04,11,5430,-8378490,5359410
2015-04,12,5430,10327860,-3610950
2015-04,13,5430,-222630,2204580
2015-04,14,5430,-10648230,-2964780
2015-04,15,5430,9611100,7069860
2015-04,16,5430,-6477990,-2063400
2015-04,17,5430,-3382890,-4452600
2015-04,18,5430,8802030,1737600
2015-04,19,5430,-4539480,2709570
2015-04,20,5430,2128560,2291460
2015-04,21,5430,70590,-6896100
2015-04,22,5430,-3817290,575580
2015-04,23,5430,1460670,2584680
2015-04,24,5430,4810980,-222630
2015-04,25,5430,-7031850,4132230
2015-04,26,5430,-92310,-7037280
2015-04,27,5430,7346790,5424570
2015-04,28,5430,673320,895950
2015-04,29,5430,-8758590,-722190
2015-04,30,5430,3915030,-1802760
2015-04,31,5430,-3855300,4371150
2015-04,32,5430,5283390,-5685210
2015-04,33,5430,2660700,1650720
2015-04,34,5430,-5299680,3274290
2015-05,0,4803,10523373,2166153
2015-05,1,4803,7905738,-72045
2015-05,2,4803,768480,1157523
2015-05,3,4803,7833693,1940412
2015-05,4,4803,2339061,902964
2015-05,5,4803,-1805928,3016284
2015-05,6,4803,-2060487,3131556
2015-05,7,4803,3948066,134484
2015-05,8,4803,-3803976,5153619
2015-05,9,4803,1335234,1023039
2015-05,10,4803,1613808,-1940412
2015-05,11,4803,-3736734,2492757
2015-05,12,4803,5547465,3150768
2015-05,13,4803,-686829,-4212231
2015-05,14,4803,-4111368,3909642
2015-05,15,4803,-3145965,-1186341
2015-05,16,4803,1032645,-2017260
2015-05,17,4803,-91257,3280449
2015-05,18,4803,6551292,-840525
2015-05,19,4803,-5033544,1119099
2015-05,20,4803,7377408,-2545590
2015-05,21,4803,-965403,-975009
2015-05,22,4803,-2852982,2353470
2015-05,23,4803,-2243001,-2891406
2015-05,24,4803,5047953,677223
2015-05,25,4803,1128705,2295834
2015-05,26,4803,33621,1810731
2015-05,27,4803,-4279473,-5436996
2015-05,28,4803,-2723301,-139287
2015-05,29,4803,297786,3280449
2015-05,30,4803,6676170,-2632044
2015-05,31,4803,-6690579,3438948
2015-05,32,4803,-1263189,-1373658
2015-05,33,4803,4317897,2132532
2015-06,0,4560,10820880,1363440
2015-06,1,4560,6415920,282720
2015-06,2,4560,4204320,291840
2015-06,3,4560,3397200,3100800
2015-06,4,4560,2334720,802560
2015-06,5,4560,1249440,3643440
2015-06,6,4560,-1504800,1345200
2015-06,7,4560,-314640,2580960
2015-06,8,4560,642960,1472880
2015-06,9,4560,3584160,4395840
2015-06,10,4560,-9343440,-2152320
2015-06,11,4560,916560,2622000
2015-06,12,4560,3078000,-4090320
2015-06,13,4560,-2270880,-218880
2015-06,14,4560,2334720,-50160
2015-06,15,4560,-3757440,5230320
2015-06,16,4560,2736000,-3506640
2015-06,17,4560,-2900160,72960
2015-06,18,4560,-679440,1030560
2015-06,19,4560,460560,456000
2015-06,20,4560,1600560,-2726880
2015-06,21,4560,2111280,6698640
2015-06,22,4560,1938000,-4441440
2015-06,23,4560,460560,1887840
2015-06,24,4560,-3123600,1842240
2015-06,25,4560,1541280,1336080
2015-06,26,4560,4824480,-1395360
2015-06,27,4560,-3962640,-1071600
2015-06,28,4560,3488400,889200
2015-06,29,4560,-2950320,-4336560
2015-06,30,4560,-4815360,6055680
2015-06,31,4560,8782560,-3264960
2015-06,32,4560,-2631120,-1390800
2015-07,0,6324,18655800,215016
2015-07,1,6324,4085304,3863964
2015-07,2,6324,10181640,-1296420
2015-07,3,6324,-246636,4249728
2015-07,4,6324,-499596,1018164
2015-07,5,6324,-841092,3212592
2015-07,6,6324,-3560412,3427608
2015-07,7,6324,151776,4344588
2015-07,8,6324,10548432,7639392
2015-07,9,6324,-6899484,-436356
2015-07,10,6324,7829112,1631592
2015-07,11,6324,-600780,-2921688
2015-07,12,6324,-8752416,-4901100
2015-07,13,6324,9745284,8840952
2015-07,14,6324,-8227524,-1498788
2015-07,15,6324,4730352,1384956
2015-07,16,6324,6058392,1720128
2015-07,17,6324,-12730212,-1233180
2015-07,18,6324,2909040,872712
2015-07,19,6324,-714612,-4546956
2015-07,20,6324,3743808,4920072
2015-07,21,6324,-4509012,-3604680
2015-07,22,6324,-1290096,-1264800
2015-07,23,6324,6564312,746232
2015-07,24,6324,992868,3901908
2015-07,25,6324,-1226856,-6899484
2015-07,26,6324,1992060,6823596
2015-07,27,6324,5141412,3377016
2015-07,28,6324,-5331132,-7196712
2015-07,29,6324,2289288,-1334364
2015-07,30,6324,1802340,8297088
2015-07,31,6324,-3895584,-4395180
2015-08,0,5123,10440674,1444686
2015-08,1,5123,11301338,1096322
2015-08,2,5123,1168044,1583007
2015-08,3,5123,6296167,1936494
2015-08,4,5123,1849403,686482
2015-08,5,5123,-7315644,4446764
2015-08,6,5123,-1480547,2459040
2015-08,7,5123,6419119,3488763
2015-08,8,5123,1270504,4349427
2015-08,9,5123,-3109661,-3806389
2015-08,10,5123,-640375,2581992
2015-08,11,5123,2617853,-4241844
2015-08,12,5123,-3714175,7843313
2015-08,13,5123,1787927,-7515441
2015-08,14,5123,1875018,2269489
2015-08,15,5123,1987724,3924218
2015-08,16,5123,3084046,-3329950
2015-08,17,5123,-2459040,3458025
2015-08,18,5123,-2392441,1956986
2015-08,19,5123,635252,-4749021
2015-08,20,5123,-5297182,3186506
2015-08,21,5123,9052341,-2638345
2015-08,22,5123,-4912957,5466241
2015-08,23,5123,-1828911,-4298197
2015-08,24,5123,-1910879,589145
2015-08,25,5123,-968247,2305350
2015-08,26,5123,722343,-1214151
2015-08,27,5123,1926248,-3294089
2015-08,28,5123,8278768,3273597
2015-08,29,5123,138321,4508240
2015-08,30,5123,-3621961,-794065
2015-09,0,7569,17537373,2649150
2015-09,1,7569,12367746,37845
2015-09,2,7569,-1680318,825021
2015-09,3,7569,3307653,5328576
2015-09,4,7569,13223043,1226178
2015-09,5,7569,-143811,4306761
2015-09,6,7569,1877112,-121104
2015-09,7,7569,749331,12746196
2015-09,8,7569,-3822345,6176304
2015-09,9,7569,-3708810,-3421188
2015-09,10,7569,4041846,5010678
2015-09,11,7569,5532939,-9885114
2015-09,12,7569,-3398481,3557430
2015-09,13,7569,-5033385,6009786
2015-09,14,7569,9385560,-4957695
2015-09,15,7569,-2967048,711486
2015-09,16,7569,-825021,-3754224
2015-09,17,7569,-6002217,1816560
2015-09,18,7569,7591707,1612197
2015-09,19,7569,-11171844,2459925
2015-09,20,7569,8000433,-3913173
2015-09,21,7569,-756900,7198119
2015-09,22,7569,-2739978,-5298300
2015-09,23,7569,11028033,2384235
2015-09,24,7569,-3481740,4526262
2015-09,25,7569,-613089,-7924743
2015-09,26,7569,-1059660,2376666
2015-09,27,7569,4677642,6978618
2015-09,28,7569,-2422080,1581921
2015-09,29,7569,-12534264,-3254670
2015-10,0,6156,18061704,707940
2015-10,1,6156,4223016,2037636
2015-10,2,6156,-480168,2277720
2015-10,3,6156,3330396,1286604
2015-10,4,6156,7214832,2093040
2015-10,5,6156,4697028,4383072
2015-10,6,6156,-2585520,1378944
2015-10,7,6156,3650508,2013012
2015-10,8,6156,-2640924,3471984
2015-10,9,6156,-6956280,8230572
2015-10,10,6156,1274292,-344736
2015-10,11,6156,10649880,-6666948
2015-10,12,6156,-203148,7128648
2015-10,13,6156,-8575308,757188
2015-10,14,6156,-2314656,-3847500
2015-10,15,6156,1052676,3927528
2015-10,16,6156,1834488,-6703884
2015-10,17,6156,8070516,5398812
2015-10,18,6156,-3829032,-5903604
2015-10,19,6156,5688144,5017140
2015-10,20,6156,-8082828,-4223016
2015-10,21,6156,2197692,5029452
2015-10,22,6156,-2259252,1729836
2015-10,23,6156,5737392,-787968
2015-10,24,6156,-10255896,-6112908
2015-10,25,6156,13130748,3213432
2015-10,26,6156,-9511020,510948
2015-10,27,6156,7381044,6469956
2015-10,28,6156,-7818120,-3478140
2015-11,0,9294,27194244,678462
2015-11,1,9294,10204812,641286
2015-11,2,9294,2481498,5251110
2015-11,3,9294,9359058,4033596
2015-11,4,9294,-5929572,1840212
2015-11,5,9294,6766032,7016970
2015-11,6,9294,-6617328,-102234
2015-11,7,9294,8717772,10818216
2015-11,8,9294,-4377474,6487212
2015-11,9,9294,10641630,3271488
2015-11,10,9294,855048,-6979794
2015-11,11,9294,-7574610,6589446
2015-11,12,9294,5288286,-4962996
2015-11,13,9294,-8662008,-1068810
2015-11,14,9294,12909366,697050
2015-11,15,9294,-18327768,-4024302
2015-11,16,9294,18727410,7658256
2015-11,17,9294,1394100,4126536
2015-11,18,9294,-11041272,4042890
2015-11,19,9294,-8569068,-1003752
2015-11,20,9294,381054,1961034
2015-11,21,9294,10929744,-232350
2015-11,22,9294,-2286324,539052
2015-11,23,9294,975870,157998
2015-11,24,9294,-8104368,-1598568
2015-11,25,9294,427524,-7704726
2015-11,26,9294,3736188,-2397852
2015-11,27,9294,9777288,13894530
2015-12,0,7922,18981112,3343084
2015-12,1,7922,14790374,2741012
2015-12,2,7922,190128,705058
2015-12,3,7922,8579526,2218160
2015-12,4,7922,1940890,1885436
2015-12,5,7922,-8619136,3184644
2015-12,6,7922,12643512,1117002
2015-12,7,7922,1156612,8120050
2015-12,8,7922,2804388,12287022
2015-12,9,7922,-12215724,-4634370
2015-12,10,7922,12199880,-3517368
2015-12,11,7922,1164534,5608776
2015-12,12,7922,-15614262,-8056674
2015-12,13,7922,2986594,8080440
2015-12,14,7922,-1940890,-2843998
2015-12,15,7922,10266912,4143206
2015-12,16,7922,-213894,-5173066
2015-12,17,7922,4840342,2218160
2015-12,18,7922,-10449118,1631932
2015-12,19,7922,-198050,-1449726
2015-12,20,7922,720902,4412554
2015-12,21,7922,-7010970,-7010970
2015-12,22,7922,1489336,4784888
2015-12,23,7922,11787936,-5466180
2015-12,24,7922,-10108472,9807436
2015-12,25,7922,8595370,-6218770
2015-12,26,7922,5822670,8373554
2016-01,0,8437,18797636,3931642
2016-01,1,8437,10048467,556842
2016-01,2,8437,3206060,1695837
2016-01,3,8437,4454736,3315741
2016-01,4,8437,-590590,1493349
2016-01,5,8437,13558259,6952088
2016-01,6,8437,3349489,1653652
2016-01,7,8437,-6319313,6884592
2016-01,8,8437,8285134,7348627
2016-01,9,8437,-5762471,4446299
2016-01,10,8437,3492918,-7382375
2016-01,11,8437,-12081784,-4100382
2016-01,12,8437,14165723,691834
2016-01,13,8437,-9365070,9980971
2016-01,14,8437,632775,-750893
2016-01,15,8437,4960956,-5205629
2016-01,16,8437,-1813955,-2379234
2016-01,17,8437,-2531100,4539106
2016-01,18,8437,-3273556,1020877
2016-01,19,8437,1738022,1780207
2016-01,20,8437,11541816,-6825533
2016-01,21,8437,-16705260,10090652
2016-01,22,8437,7643922,-1906762
2016-01,23,8437,-4420988,2202057
2016-01,24,8437,15498769,-3071068
2016-01,25,8437,-9204767,-1425853
2016-02,0,10050,21034650,1618050
2016-02,1,10050,23939100,793950
2016-02,2,10050,-3698400,1849200
2016-02,3,10050,18672900,7165650
2016-02,4,10050,-7939500,2854200
2016-02,5,10050,5497350,2874300
2016-02,6,10050,-6251100,4080300
2016-02,7,10050,-4060200,10441950
2016-02,8,10050,4713450,4864200
2016-02,9,10050,-3316500,-90450
2016-02,10,10050,20100,-1135650
2016-02,11,10050,-854250,1437150
2016-02,12,10050,9768600,10170600
2016-02,13,10050,-1386900,582900
2016-02,14,10050,10793700,-10703250
2016-02,15,10050,291450,5688300
2016-02,16,10050,-6120450,5105400
2016-02,17,10050,-361800,1527600
2016-02,18,10050,-8964600,-3798900
2016-02,19,10050,-4170750,-603000
2016-02,20,10050,-1356750,-3648150
2016-02,21,10050,3135600,-1326600
2016-02,22,10050,18150300,1206000
2016-02,23,10050,-5527500,20100
2016-02,24,10050,5859150,9286200
2016-03,0,9857,20009710,1567263
2016-03,1,9857,18718443,1705261
2016-03,2,9857,-975843,4760931
2016-03,3,9857,5608633,3262667
2016-03,4,9857,5500206,2966957
2016-03,5,9857,-561849,4396222
2016-03,6,9857,11256694,985700
2016-03,7,9857,-12498676,14430648
2016-03,8,9857,5874772,5480492
2016-03,9,9857,-1557406,-3528806
2016-03,10,9857,-1931972,1537692
2016-03,11,9857,492850,-108427
2016-03,12,9857,-1261696,8585447
2016-03,13,9857,-2602248,-5421350
2016-03,14,9857,14548932,6032484
2016-03,15,9857,-4484935,-12843671
2016-03,16,9857,-4780645,9265580
2016-03,17,9857,13159095,798417
2016-03,18,9857,-9985141,-6338051
2016-03,19,9857,12064968,6623904
2016-03,20,9857,-18314306,1784117
2016-03,21,9857,3479521,3371094
2016-03,22,9857,5303066,-12133967
2016-03,23,9857,8822015,10960984
2016-04,0,10538,24490312,885192
2016-04,1,10538,9990024,4489188
2016-04,2,10538,13341108,1981144
2016-04,3,10538,3920136,5058240
2016-04,4,10538,4004440,864116
2016-04,5,10538,-7281758,7049922
2016-04,6,10538,4784252,1401554
2016-04,7,10538,6965618,16502508
2016-04,8,10538,-5216310,-1665004
2016-04,9,10538,-6523022,-716584
2016-04,10,10538,9146984,3561844
2016-04,11,10538,-1749308,8514704
2016-04,12,10538,-1559624,-12592910
2016-04,13,10538,242374,8641160
2016-04,14,10538,2455354,5458684
2016-04,15,10538,9231288,-9125908
2016-04,16,10538,-17124250,3203552
2016-04,17,10538,16924028,5300614
2016-04,18,10538,-15322252,-8609546
2016-04,19,10538,14489750,2750418
2016-04,20,10538,-4647258,-727122
2016-04,21,10538,-9694960,3846370
2016-04,22,10538,10358854,632280
2016-05,0,10065,27930375,4660095
2016-05,1,10065,9269865,-684420
2016-05,2,10065,13376385,1237995
2016-05,3,10065,-9893895,5767245
2016-05,4,10065,10165650,1338645
2016-05,5,10065,-3985740,9883830
2016-05,6,10065,4811070,1117215
2016-05,7,10065,-4378275,6814005
2016-05,8,10065,15107565,8514990
2016-05,9,10065,-14000415,1690920
2016-05,10,10065,15842310,-5666595
2016-05,11,10065,0,10870200
2016-05,12,10065,-1922415,1197735
2016-05,13,10065,-11937090,-3240930
2016-05,14,10065,8605575,-5757180
2016-05,15,10065,-1348710,8082195
2016-05,16,10065,6008805,30195
2016-05,17,10065,-5908155,-11725725
2016-05,18,10065,-11071500,845460
2016-05,19,10065,20945265,865590
2016-05,20,10065,-10075065,2375340
2016-05,21,10065,-4348080,8444535
2016-06,0,14048,37494112,1446944
2016-06,1,14048,24879008,7178528
2016-06,2,14048,-7094240,997408
2016-06,3,14048,25637600,5843968
2016-06,4,14048,1095744,4130112
2016-06,5,14048,-9299776,2795552
2016-06,6,14048,-11406976,6026592
2016-06,7,14048,9440256,10690528
2016-06,8,14048,10086464,18402880
2016-06,9,14048,-2065056,-11083872
2016-06,10,14048,-2837696,8751904
2016-06,11,14048,17082368,2331968
2016-06,12,14048,-10493856,1460992
2016-06,13,14048,10255040,-1418848
2016-06,14,14048,-4116064,6757088
2016-06,15,14048,-22209888,-2809600
2016-06,16,14048,12362240,4846560
2016-06,17,14048,-7248768,-11996992
2016-06,18,14048,10648384,-2051008
2016-06,19,14048,-13823232,941216
2016-06,20,14048,18206208,9594784
2016-07,0,13920,34619040,5303520
2016-07,1,13920,13335360,-2616960
2016-07,2,13920,21993600,7669920
2016-07,3,13920,-10955040,4370880
2016-07,4,13920,-542880,2491680
2016-07,5,13920,8310240,10064160
2016-07,6,13920,-3772320,-2115840
2016-07,7,13920,13961760,23093280
2016-07,8,13920,-7850880,9576960
2016-07,9,13920,23844960,-14281920
2016-07,10,13920,-14922240,15437280
2016-07,11,13920,-2422080,-3814080
2016-07,12,13920,153120,3368640
2016-07,13,13920,16676160,-7224480
2016-07,14,13920,-1489440,2449920
2016-07,15,13920,-6932160,2867520
2016-07,16,13920,3758400,-1392000
2016-07,17,13920,1308480,7266240
2016-07,18,13920,-10690560,-4830240
2016-07,19,13920,14268000,11010720
2016-08,0,21821,51475739,4975188
2016-08,1,21821,35131810,10255870
2016-08,2,21821,1440186,-1440186
2016-08,3,21821,42027246,9426672
2016-08,4,21821,1069229,8248338
2016-08,5,21821,-6808152,17565905
2016-08,6,21821,6000775,2640341
2016-08,7,21821,-27625386,30134801
2016-08,8,21821,-174568,-1287439
2016-08,9,21821,-2269384,-11456025
2016-08,10,21821,35131810,5193398
2016-08,11,21821,-21821,5433429
2016-08,12,21821,-22933871,-8139233
2016-08,13,21821,27363534,14118187
2016-08,14,21821,-13223526,-10583185
2016-08,15,21821,2662162,6808152
2016-08,16,21821,-20228067,12067013
2016-08,17,21821,-1309260,3665928
2016-08,18,21821,30854894,-2771267
2016-09,0,28334,71685020,5241790
2016-09,1,28334,21108830,3201742
2016-09,2,28334,42671004,19125450
2016-09,3,28334,19890468,1501702
2016-09,4,28334,-15215358,5156788
2016-09,5,28334,1813376,27767320
2016-09,6,28334,-14648678,-8075190
2016-09,7,28334,24792250,31422406
2016-09,8,28334,8415198,30232378
2016-09,9,28334,14025330,6460152
2016-09,10,28334,-4250100,7225170
2016-09,11,28334,-19748798,-26350620
2016-09,12,28334,-14988686,6885162
2016-09,13,28334,24678914,-13685322
2016-09,14,28334,-7508510,-821686
2016-09,15,28334,30119042,40857628
2016-09,16,28334,10681918,-27257308
2016-09,17,28334,-33490788,7253504
2016-10,0,25075,63339450,2758250
2016-10,1,25075,29036850,7597725
2016-10,2,25075,23018850,6343975
2016-10,3,25075,6695025,10932700
2016-10,4,25075,30942550,7823400
2016-10,5,25075,-46037700,6143375
2016-10,6,25075,7447275,15370975
2016-10,7,25075,31694800,20110150
2016-10,8,25075,802400,25651725
2016-10,9,25075,13339900,5165450
2016-10,10,25075,-12838400,-18655800
2016-10,11,25075,-23244525,16499350
2016-10,12,25075,1554650,-26002775
2016-10,13,25075,42702725,38389825
2016-10,14,25075,2382125,-11509425
2016-10,15,25075,-28585500,626875
2016-10,16,25075,-7723100,2407200
2016-11,0,35038,76593068,1226330
2016-11,1,35038,78730386,12228262
2016-11,2,35038,-28906350,15802138
2016-11,3,35038,43447120,6271802
2016-11,4,35038,41134612,16958392
2016-11,5,35038,-47931984,15837176
2016-11,6,35038,45899780,1821976
2016-11,7,35038,-22319206,48177250
2016-11,8,35038,10966894,21233028
2016-11,9,35038,36509596,-23930954
2016-11,10,35038,-73439648,-6692258
2016-11,11,35038,50454720,43587272
2016-11,12,35038,-21057838,-34652582
2016-11,13,35038,31218858,5325776
2016-11,14,35038,15661986,-3118382
2016-11,15,35038,-16783202,39347674
2016-12,0,34347,90676080,4465110
2016-12,1,34347,61275048,19474749
2016-12,2,34347,24077247,-1614309
2016-12,3,34347,-28576704,12193185
2016-12,4,34347,10029324,14082270
2016-12,5,34347,58012083,7831116
2016-12,6,34347,3949905,22359897
2016-12,7,34347,3675129,12983166
2016-12,8,34347,-39979908,40460766
2016-12,9,34347,48704046,6010725
2016-12,10,34347,-29641461,-18066522
2016-12,11,34347,-29778849,-12055797
2016-12,12,34347,54096525,2129514
2016-12,13,34347,-13360983,4808580
2016-12,14,34347,16933071,41903340
2017-01,0,48297,128470020,15938010
2017-01,1,48297,62786100,2366553
2017-01,2,48297,-11687874,26321865
2017-01,3,48297,34628949,7244550
2017-01,4,48297,-14682288,12025953
2017-01,5,48297,56217708,9659400
2017-01,6,48297,19560285,33035148
2017-01,7,48297,15551634,35788077
2017-01,8,48297,-11156607,66456672
2017-01,9,48297,23472342,-30475407
2017-01,10,48297,-45592368,20622819
2017-01,11,48297,33421524,16131198
2017-01,12,48297,20671116,-61095705
2017-01,13,48297,-56266005,8500272
2017-02,0,74262,176520774,31858398
2017-02,1,74262,59855172,1039668
2017-02,2,74262,52354710,1485240
2017-02,3,74262,90896688,49607016
2017-02,4,74262,-32303970,16411902
2017-02,5,74262,-30150372,35422974
2017-02,6,74262,152756934,30150372
2017-02,7,74262,-11139300,40621314
2017-02,8,74262,-12401754,85995396
2017-02,9,74262,46339488,-61414674
2017-02,10,74262,-28442346,25026294
2017-02,11,74262,9357012,-7574724
2017-02,12,74262,-73742166,10693728
2017-03,0,70156,183387784,32271760
2017-03,1,70156,76189416,8348564
2017-03,2,70156,13750576,13750576
2017-03,3,70156,84958916,18871964
2017-03,4,70156,-46864208,26027876
2017-03,5,70156,-14171512,42233912
2017-03,6,70156,24554600,24975536
2017-03,7,70156,-7857472,52897624
2017-03,8,70156,18871964,60193848
2017-03,9,70156,-4770608,-58369792
2017-03,10,70156,105725092,70857560
2017-03,11,70156,41462196,-45671556
2017-04,0,83930,209992860,20982500
2017-04,1,83930,162908130,-1510740
2017-04,2,83930,67647580,44231110
2017-04,3,83930,-76040580,30382660
2017-04,4,83930,-1007160,11414480
2017-04,5,83930,144611390,28368340
2017-04,6,83930,32984490,58751000
2017-04,7,83930,-51029440,100044560
2017-04,8,83930,20814640,53295550
2017-04,9,83930,5203660,-37180990
2017-04,10,83930,-75117350,74781630
2017-05,0,127719,339987978,22989420
2017-05,1,127719,192344814,2298942
2017-05,2,127719,89275581,47000592
2017-05,3,127719,-28098180,61305120
2017-05,4,127719,98343630,30524841
2017-05,5,127719,63604062,114436224
2017-05,6,127719,-68712822,23244858
2017-05,7,127719,-87742953,53641980
2017-05,8,127719,69223698,29758527
2017-05,9,127719,54408294,178295724
2017-06,0,160795,447492485,60137330
2017-06,1,160795,81844655,14632345
2017-06,2,160795,286215100,11898830
2017-06,3,160795,-77985575,75252060
2017-06,4,160795,156614330,62066870
2017-06,5,160795,-195044335,86025325
2017-06,6,160795,33927745,-15436320
2017-06,7,160795,159991025,235725470
2017-06,8,160795,152112070,83934990
2017-07,0,183767,433506353,81225014
2017-07,1,183767,136355114,-17090331
2017-07,2,183767,388115904,116875812
2017-07,3,183767,-69463926,9739651
2017-07,4,183767,-94456238,61929479
2017-07,5,183767,85084121,157488319
2017-07,6,183767,39326138,7166913
2017-07,7,183767,286492753,167963038
2017-08,0,276788,617790816,110438412
2017-08,1,276788,608380024,27678800
2017-08,2,276788,216448216,102411560
2017-08,3,276788,212573184,75563124
2017-08,4,276788,-174653228,22143040
2017-08,5,276788,163028132,212573184
2017-08,6,276788,-188769416,31830620
2017-09,0,344461,758847583,86115250
2017-09,1,344461,597639835,-28590263
2017-09,2,344461,-20667660,177052954
2017-09,3,344461,362028511,134339790
2017-09,4,344461,-47535618,63725285
2017-09,5,344461,501190755,309670439
2017-10,0,349489,979268178,123369617
2017-10,1,349489,496274380,87721739
2017-10,2,349489,60461597,128262463
2017-10,3,349489,525980945,69897800
2017-10,4,349489,-83877360,105196189
2017-11,0,460826,1079254492,91704374
2017-11,1,460826,897228222,251610996
2017-11,2,460826,-41935166,73732160
2017-11,3,460826,711976170,130413758
2017-12,0,678996,1603109556,6789960
2017-12,1,678996,1205217900,136478196
2017-12,2,678996,-286536312,500420052
2018-01,0,1031394,2251533102,423902934
2018-01,1,1031394,901438356,-254754318
2018-02,0,1250761,3239470990,165100452
